P1,P2,P3,N1,N2,N3,Grade
2.753031814,3.416053482,3.271406937,1.709526232,1.452625119,1.76415808,7th
4.178649747,3.494315328,3.361751493,3.426332159,2.700110621,2.476397554,7th
2.167275876,2.688568938,2.900521042,1.058509333,0.725916378,1.145834508,7th
2.682781723,2.876930747,3.28348588,0.84614643,1.222881041,0.292577613,7th
1.410018447,1.826013517,1.636786255,2.181346941,2.733413427,2.472351974,7th
3.958912299,4.034784271,4.214175334,1.803350106,1.721094354,1.714605367,7th
3.392468631,2.756708531,3.76406724,2.6793983,2.323565497,2.073123873,7th
3.197595076,3.485504657,3.749145515,0.812892102,0.876238946,1.161499963,7th
3.159418832,2.72177887,3.846001675,2.25845109,1.617728304,1.937218575,7th
2.011954346,2.554550277,2.68539883,0.586380366,0.934387066,1.445728394,7th
2.018306409,1.852798154,1.755696581,1.36232967,1.730579081,1.381916571,7th
3.080195859,3.14320924,3.280254497,1.371974451,1.504570301,1.590968219,7th
3.580484313,4.126868988,3.717577346,0.857663936,0.554378771,0.235780213,7th
3.294272383,3.398227211,3.260424634,2.706120435,2.048799435,1.921839409,7th
2.495447721,3.163265181,2.307167151,1.641439673,1.752132323,1.144387096,7th
3.352860215,3.618938864,4.093102949,2.067523752,2.32700667,2.546633383,7th
3.612247649,3.281682807,3.34803306,0.74795705,0.305892332,0.050666963,7th
3.7044044,3.620803437,3.535726412,2.279477882,1.519777043,2.131219801,7th
3.041566423,2.414733822,2.788323525,1.498299222,1.489240592,1.789372298,7th
2.843338975,2.361202413,2.440744542,0.832051287,0.836026971,0.881182029,7th
3.184165489,2.770834035,3.28192487,2.580662278,1.834541868,1.669206334,7th
3.089065909,2.393906931,2.354117109,0.964428926,1.062983484,1.486721538,7th
3.940036587,2.599267819,2.86957057,0.66696141,-0.003037749,-0.238713883,7th
3.181302766,2.721878993,3.738437918,2.480920066,2.301428559,1.829138756,7th
3.230684234,2.81580057,3.199655953,1.993156976,1.717761161,1.703102021,7th
3.678107536,3.662547795,3.319584213,1.575490712,1.424233583,1.904913807,7th
3.618327364,3.006510587,3.220161812,2.080247458,1.848585214,1.744195627,7th
2.747316818,2.670698096,3.359050603,2.856169283,2.918135819,2.164229711,7th
3.286267955,3.313549053,2.90659311,1.868508688,1.834410593,2.021967981,7th
3.273423921,2.805631522,3.007188932,2.953887891,2.077449321,2.639568261,7th
4.374133236,3.578908242,3.318597318,1.933307111,1.727081591,1.804866897,7th
3.024914436,2.688809086,3.463304913,-0.443923944,-0.085534598,0.577464695,7th
2.126256372,1.54469371,1.404360393,0.743606284,1.113074579,1.015932477,7th
3.128456209,3.152506669,2.991694219,2.136074409,0.621400225,1.693654699,7th
2.995398706,3.651300523,3.380222624,1.499353211,1.021324443,0.447981606,7th
2.560738365,2.832806802,2.400252106,2.300780042,1.939226921,1.99478013,7th
2.955579317,2.956248834,2.684180354,0.984900101,1.280529756,0.863131209,7th
2.908648658,2.61102941,2.5914069,0.446109388,0.626980235,0.868230854,7th
3.395479023,2.273765024,3.460801713,0.485340669,0.388316815,0.226304377,7th
3.803199341,4.454657911,4.995631618,1.08530447,0.886434467,0.693255927,7th
2.868776682,2.119549207,2.44040849,0.610313676,1.773951612,0.6627334,7th
2.686498467,1.659541829,2.621757803,1.156847936,1.288643664,1.240328054,7th
2.55240574,3.10150185,2.619096123,1.843213307,2.442624531,1.6816242,7th
2.823384466,3.387611034,3.166582972,0.495159346,0.778351488,1.036165468,7th
2.432209273,1.782718721,2.733256281,0.500786566,0.474373933,1.150297984,7th
3.011374065,2.976283612,2.790451743,2.34154406,1.660208802,2.118106808,7th
2.574891096,2.706472779,3.173681021,0.21586494,0.367041805,-0.062088652,7th
1.748425942,1.460279988,1.754982507,1.620822561,0.95997755,1.162218664,7th
1.325475022,1.248491154,1.364517147,0.312705749,0.311874089,0.375685658,7th
2.674966209,2.404825703,2.097671874,1.533170767,1.770822506,2.004367701,7th
3.382897033,3.682175671,3.633341781,1.016815903,1.344733875,1.156425047,7th
2.734572087,2.635879943,2.837255376,2.296537856,1.868376964,1.951925607,7th
3.10652042,2.78818296,3.449271238,1.376743629,0.855867191,0.739544842,7th
2.705115262,2.570522437,2.831691725,2.316583514,1.8864298,1.470844025,7th
3.172365122,2.48401978,2.468828266,1.88927935,1.226472955,2.115664891,7th
3.115031988,2.882231366,2.257983416,1.858059819,1.601228493,1.569646589,7th
2.320238807,2.007830557,2.271413073,1.633329455,2.39248727,2.222443189,7th
4.335585,3.448830888,4.116795017,1.099729376,0.202877456,0.360244359,7th
3.104358381,2.435946225,2.757613784,2.50640306,2.268030517,1.967773494,7th
3.831817297,2.996416365,3.013142194,2.562884499,1.397886069,2.035540421,7th
1.657303055,1.443488994,1.826042555,0.268226579,0.303652014,0.743765944,7th
3.446320319,3.9423864,3.492355185,2.668075956,2.566845734,2.54039556,7th
3.30129,3.722366133,3.641909059,1.540576046,1.454710283,1.122507904,7th
3.396183004,3.204961182,3.276972635,1.215400622,1.469709333,2.188587326,7th
3.030350796,3.10769923,3.222765811,2.056288133,1.013769308,1.305054909,7th
2.677251262,2.550755356,2.1939412,2.791882297,1.872119062,2.665797763,7th
2.010664041,2.410211273,1.978049984,1.648047645,1.753355683,1.726415737,7th
3.620466659,3.458228945,2.931674301,1.534967274,0.812887276,1.630217008,7th
2.241969734,2.141953352,1.808323899,1.885192152,1.906241999,2.247640788,7th
3.696491006,3.435774738,3.264307361,2.897745487,3.224364765,3.445893463,7th
3.776739242,2.984155047,3.62126618,2.661114828,2.631286398,2.127045495,7th
3.186213463,3.263451862,2.608105037,1.255689542,0.343825732,0.962460584,7th
3.202018786,2.584264383,2.260235904,2.732253225,2.31687673,2.790415058,7th
3.452957407,3.140873456,3.045987417,0.826066707,0.829749616,0.872600989,7th
3.727342325,3.849379612,4.099251158,0.916829726,0.932735925,1.286490814,7th
2.614191042,2.72338463,2.820622358,1.345789964,1.448889799,1.089752615,7th
2.449792559,1.758243971,1.79461392,2.97661708,2.112596435,2.643139297,7th
1.953931148,2.176695489,2.50191215,3.056876234,2.494016482,2.049575171,7th
3.229092133,3.353638299,3.167839773,1.284162699,0.993048945,1.331567053,7th
4.987583476,4.824752047,4.617522319,2.215828348,2.300414762,1.487638249,7th
5.227403931,4.250855938,4.288152769,2.348233605,2.079377366,2.182956956,7th
3.32393672,3.42926702,3.409125007,1.611128414,2.132275772,2.089219071,7th
2.629276507,3.184786942,3.414567976,1.677920591,1.185506811,0.779671251,7th
3.365175358,2.500489792,2.640264593,2.470145676,2.80434573,2.512956636,7th
3.290138963,2.170968881,3.212885484,1.755718893,0.92020774,1.655115519,7th
3.526868736,2.883410926,2.600659823,1.886867323,1.079894815,1.602664867,7th
4.084296063,3.351678826,4.112964775,2.670752791,2.039993459,2.054316767,7th
3.565054412,3.466557491,3.695149482,1.79667176,1.47587953,1.428354282,7th
2.653784416,2.351356781,2.977029174,0.91889532,1.399060266,1.61652964,7th
2.444219483,3.034075813,2.213905348,1.302803393,1.470049416,0.818463852,7th
3.815129055,4.069628293,4.287198661,1.869718497,1.644036858,1.977409105,7th
3.942651792,3.433142724,3.387199016,1.364342528,0.823817094,0.970998909,7th
3.651416987,3.146185478,3.4995488,2.126593245,0.892840543,1.477706079,7th
3.520120975,2.872174526,3.506404521,2.926776651,2.231858801,2.763303468,7th
3.8710932,4.287151892,3.65983478,1.63225528,1.781377055,1.766639233,7th
3.372137331,3.544480495,2.970209099,1.094353003,1.229723752,1.204414247,7th
3.388813615,3.045617106,3.686869047,3.399758147,2.29802872,2.644557123,7th
2.94837581,2.717665325,2.675470878,2.349719192,2.631743976,2.727057998,7th
3.648829901,3.426309104,3.813917685,1.575822452,1.015433175,1.491896901,7th
3.137469579,2.385739958,3.019549438,2.794716893,2.737825418,3.221723158,7th
1.623003685,1.873658798,1.276230751,2.065092193,2.244044591,1.901982465,7th
4.582727858,4.027028468,4.370872116,0.757163179,1.217880208,1.066348522,7th
3.642512126,3.771341611,3.976145745,1.325182246,1.41411623,1.362414004,7th
3.307101603,2.972071155,2.794387203,1.741529296,1.655013921,1.718876372,7th
3.225134358,3.092046763,3.47132456,1.725135552,0.953394317,1.442660451,7th
2.378780266,2.953323644,2.362121482,1.846810712,1.459691108,2.379413401,7th
3.615743675,3.283153329,3.433178146,0.856652493,1.392635179,1.255066377,7th
2.270383256,2.536185355,2.81932084,0.693990154,1.066978062,1.017446702,7th
3.255957521,2.625116614,3.230861314,1.755252694,1.600103565,1.357190157,7th
3.406374107,3.743242171,3.164476057,1.335802677,1.661334949,1.328660958,7th
3.551782749,3.732241589,4.28347943,2.063665121,1.609620706,1.536960633,7th
2.719178094,2.483304983,2.119302987,2.139836389,1.267716936,1.902084491,7th
2.112057305,1.974069521,2.099267614,1.923036174,1.324518721,1.66606157,7th
3.238769694,3.21453141,2.52827262,1.247648547,1.69315864,1.588768038,7th
3.237955561,3.51398784,3.767389287,0.668495356,0.389901865,0.571215717,7th
3.743066169,3.190454402,3.522815221,1.99214445,2.141639062,1.572571225,7th
3.639820945,2.996897895,3.445447138,2.540056098,2.305685127,2.070175738,7th
2.950775305,2.551303626,2.842945561,1.612906351,1.477936678,1.752330501,7th
3.568711681,3.598020136,3.912574344,1.667623826,2.392939165,1.896800412,7th
2.2665285,2.163800899,2.899987649,0.982024251,0.655732043,0.88603867,7th
3.339253066,3.766387208,3.957801464,0.962739225,0.550531258,0.636446042,7th
1.921021444,2.07465165,2.291511619,1.937396358,1.606590086,2.106437905,7th
3.574074716,3.117459752,3.250981111,0.716226832,0.491566654,0.786405955,7th
3.198442319,3.180185649,3.58596019,0.559847307,0.924004724,0.137169692,7th
3.913942247,3.860729175,3.435795264,1.543245284,1.969197584,1.373152284,7th
2.166094284,2.202256684,2.532985078,1.103385553,1.115642758,1.058315972,7th
2.898268628,2.727846324,2.292732699,3.527426224,2.999235213,3.355031683,7th
2.452080044,2.588243626,2.787879277,1.567797724,1.715907427,1.679720489,7th
2.169466366,2.554541747,2.365881698,2.124935308,1.555918415,1.703557104,7th
4.283886478,4.105151809,3.644172065,1.698757661,1.903131303,1.816099996,7th
2.496502844,2.60890306,3.772000884,0.971555507,1.368944405,1.427388073,7th
2.792868043,3.070609049,2.799952254,2.363258496,1.696122289,2.500119004,7th
1.91135628,1.62008081,1.524500447,1.035842698,1.075920541,1.017852223,7th
2.197954867,2.253428158,2.186676278,2.376160732,2.454245351,1.945212598,7th
3.262576382,3.576477177,2.924274249,2.132533345,1.762430705,1.884397799,7th
2.568808426,2.394285717,2.423007911,1.66951376,2.150042578,1.613319312,7th
2.944644252,2.272267441,3.041583573,2.776586604,2.247396076,1.957738342,7th
3.621861303,3.592018935,3.737188137,1.96976661,1.603645708,1.476775604,7th
3.171170816,3.268959051,3.050932619,1.205093534,1.327517183,1.534399604,7th
3.242245893,3.473413279,3.332637961,1.893182732,1.359402438,1.212677747,7th
3.948647981,3.646433873,3.23458889,1.728757418,1.744058601,1.809495302,7th
3.146284137,3.314355073,2.89898692,2.871864606,2.154879233,2.205617287,7th
3.225022386,3.222151425,3.261532604,1.719123905,1.637158829,1.70773278,7th
2.610007256,2.65507788,2.34001405,1.022623339,1.184333151,0.725738297,7th
3.241118516,3.801043607,3.053006257,1.992605713,1.83051913,1.065578394,7th
3.372130032,3.188830114,3.37056182,2.195089135,1.650975203,1.690110263,7th
3.256745794,2.861622944,2.431115249,0.77800772,0.383742389,0.632996557,7th
2.715289412,3.179169681,3.367191251,1.940468569,1.971982512,1.453602809,7th
2.775229887,4.092099517,3.202228434,1.756108045,2.094258768,1.729073938,7th
2.300265242,3.029161147,2.048081863,1.425866079,2.01286879,2.1660833,7th
2.084174471,2.393073858,2.197570077,1.826880567,1.718647092,1.442372117,7th
1.970495711,2.461347345,2.725891556,1.313884987,1.16458608,1.50210954,7th
2.928009864,2.468353124,1.88248899,0.725991255,1.437291162,1.04384894,7th
3.774090402,4.093641803,3.710001312,2.676843238,1.497409903,1.270201321,7th
2.222605348,2.361783696,2.606723662,1.542185551,1.308255686,1.410639467,7th
2.738722868,3.018202642,2.790350284,3.510541609,3.555862238,2.97209023,7th
3.759891259,2.879102865,2.592740983,1.498499637,1.498552895,1.605704694,7th
3.984377946,3.264465536,3.913271033,0.734676391,0.917524759,0.529243838,7th
2.707701511,3.406908638,2.910581975,1.399521117,1.12323267,0.707404425,7th
2.618447065,2.596354708,2.657256987,1.337722609,1.239435604,1.063757181,7th
2.790957313,2.900491748,2.264981554,1.995156983,1.74428317,1.318121356,7th
3.132407766,2.598206975,2.986245083,1.333237686,0.679326409,1.035560031,7th
4.12970129,4.2735182,4.237188237,2.368822659,2.312534081,2.458687258,7th
3.095825226,2.796282268,3.018518364,0.698258108,0.716551342,0.876663159,7th
4.496884667,3.873311724,4.509661989,1.60618968,1.453217932,1.940559442,7th
3.700262398,3.288270382,3.123994601,1.12846201,1.163600107,0.615389018,7th
3.485087682,3.396040165,3.904739496,2.108818245,1.731249794,2.033958724,7th
2.291529462,2.29820507,1.992348798,1.948353653,2.111355432,1.595823878,7th
3.149631071,3.414317711,3.295912936,1.742412448,1.867075951,1.918756381,7th
2.698099522,1.820883829,1.992684122,2.25603014,2.274308255,2.361641046,7th
3.174040758,3.157054261,2.985342728,2.86257319,3.131262202,2.806638076,7th
3.052729466,3.303185084,3.198356574,-0.058453771,0.415087294,0.183639725,7th
2.672272059,2.816178796,2.455566384,1.431986938,2.33261547,2.303502521,7th
3.365988176,4.396861695,4.425992173,0.580775025,0.735880558,0.805163297,7th
3.868196682,3.797173134,3.993456859,1.408381542,1.048561359,1.607359332,7th
3.24412175,2.930898852,3.63932615,0.817687006,1.290752372,1.121298764,7th
3.305050524,3.13907021,3.641784243,1.31013793,1.067023404,1.289343715,7th
3.916163333,3.354699896,3.802066592,0.913714808,0.928517444,1.265510035,7th
2.938112383,2.49616632,2.921603844,1.845205872,1.959332972,1.913564053,7th
3.327432805,2.440373503,3.219191731,1.908495546,1.481867757,1.641591981,7th
3.451461334,2.694343073,3.628858993,0.936817945,1.602151723,1.104409803,7th
2.904270351,3.454542493,3.481082758,-0.34935042,-0.40711431,-0.290658881,7th
3.298431998,4.068807746,3.199705242,1.867745692,1.901357507,1.278232266,7th
1.793173089,1.811537009,1.568020262,2.2374689,2.096144042,2.133192005,7th
3.640338882,3.882599302,4.43834132,1.745224432,1.705380098,1.808934102,7th
3.4602059,2.734862187,3.386375945,1.02570726,0.756975067,1.060364021,7th
3.782619744,3.468815339,3.934414347,0.993506844,1.139620593,1.601572277,7th
2.764373476,1.972731067,2.225914185,0.993398881,1.451269896,1.356197775,7th
3.776591684,3.38786464,3.457689004,2.704796317,2.363053317,2.715236724,7th
2.575575493,2.867581814,2.562005398,2.462008511,2.00981138,2.075316084,7th
2.973622618,2.248360316,2.749488788,1.540162003,1.317779909,1.885476251,7th
2.962890474,2.99367164,3.245290771,0.419918849,0.630168677,0.867334202,7th
3.120779168,2.582999975,3.110947161,0.89724257,1.258855507,0.987500737,7th
3.464823536,3.091270546,2.968263754,1.588732247,0.880055598,0.79995326,7th
2.684338422,2.099422375,2.9701959,1.460583677,0.79329555,0.92235602,7th
3.12811092,2.941867726,2.908703329,2.444553803,1.749621206,2.110649587,7th
3.072174034,2.544572112,2.814378383,1.909251552,1.93803908,1.968973095,7th
3.320145045,3.590715863,3.485125779,1.251977825,1.590301569,1.898227571,7th
2.509171097,2.632494039,3.253229606,3.170825171,2.785270515,3.09042578,7th
4.23320986,3.988350574,3.92737136,2.426657182,2.436121802,2.677026613,7th
3.455903548,3.076854729,3.718801757,0.823925906,0.717814112,1.08441005,7th
4.102832369,3.884193388,3.5362848,3.046009474,1.497977672,1.905621432,7th
3.439450813,2.982678618,2.991947886,1.431114057,1.470666317,1.385442474,7th
2.819795467,2.325085723,2.95460382,2.520415185,1.529582313,1.794035313,7th
4.482811467,3.766582083,4.107558813,1.821791677,1.136817917,1.516718741,7th
3.016710351,2.481200642,2.624257251,1.942799517,1.420217938,0.878882432,7th
3.272657257,3.881065055,3.548191723,1.77258093,1.755891461,1.555814122,7th
3.887552,3.839453621,4.391206559,1.058136333,1.583343173,1.857551293,7th
2.31443259,2.236869393,2.495746253,1.956913637,1.665808747,1.818607453,7th
2.184763638,1.863022172,1.698123165,1.605258608,1.33396201,1.413605311,7th
4.087672168,3.882644485,3.705738568,2.566038993,1.936770635,1.117372404,7th
3.061227214,3.264171211,2.756931248,2.636528529,1.962254425,1.227139613,7th
3.293860353,3.709389553,3.417875979,2.170074457,1.55956829,1.012259752,7th
2.104488594,2.387206416,2.176532145,1.53125989,1.257541555,1.865357689,7th
2.448866531,2.658119149,2.819987933,1.109225258,1.090378588,0.825852658,7th
3.661309662,3.538583797,3.654516674,2.787333412,2.287026012,2.05147301,7th
3.492355259,3.350931862,3.332416419,2.447658922,1.976505134,2.724837961,7th
3.400339721,3.485456903,3.008089454,2.538055145,2.425339803,2.605666575,7th
3.347310333,1.966961916,2.558488085,2.640870242,2.323927294,2.063021962,7th
4.034572062,3.711326494,3.526958038,1.483619326,1.477466586,1.193555515,7th
2.422885415,2.251559252,3.087340571,1.492935239,1.367799771,1.244509422,7th
3.404367462,3.479196557,4.355229352,1.496386127,1.752069916,1.811856842,7th
2.323914555,2.362093243,2.727760768,1.533236555,1.285554195,1.325108375,7th
2.810003257,2.589528179,2.796798927,1.123296172,1.332824228,0.707578331,7th
4.509366663,3.571489789,3.986632412,1.907793817,1.868303043,1.618693138,7th
2.093159642,1.947413217,2.781056702,2.034480132,2.279366819,2.056202633,7th
3.718332572,2.838139976,3.61722234,0.774017622,0.703586896,1.06702034,7th
4.659711465,4.119440894,3.716762223,1.312148517,1.80977166,1.842334232,7th
3.085623112,2.442422628,3.183210585,1.481917861,1.246414129,1.155194783,7th
2.347390099,2.322601172,2.239847323,2.89522296,1.945177103,2.708290468,7th
3.044568068,2.155108403,2.778178282,0.944534766,0.935526394,0.932711706,7th
3.169304572,2.025992293,2.262083104,1.630200443,1.805604713,1.325367005,7th
1.777451344,2.349767678,1.002573815,2.069671723,2.122722569,1.766400717,7th
2.892485035,2.887020695,2.676169343,2.609565918,2.683913029,2.064716913,7th
3.878289183,3.78762402,3.902775933,1.595350139,1.269207712,1.815405161,7th
3.238897541,3.28444931,2.834195369,2.06569734,1.939948219,1.600699236,7th
3.424112647,2.765342472,3.577781837,1.886330993,1.595096895,1.409201685,7th
4.214908392,3.795223109,4.114849746,1.266494583,1.173807942,1.099476295,7th
3.785594452,3.589329495,3.302097783,1.731192199,0.992915521,1.13066262,7th
3.263896727,2.336422582,2.252764391,1.325312764,1.77014923,1.358681501,7th
2.853426395,2.851971678,2.741775679,2.308888571,2.092612142,2.092085656,7th
3.796448954,4.11140356,3.261103346,1.227838036,1.706340066,1.779238585,7th
4.167893256,3.741782059,4.048009248,0.902115662,0.366254287,1.076747683,7th
2.192968802,2.579666776,2.47145149,1.788062882,1.4990639,1.55445958,7th
4.134552685,4.207089959,4.301056729,1.099490904,0.75148678,1.257229371,7th
2.971469443,2.909603284,3.118515636,3.093035237,2.804697729,2.534161844,7th
4.198308593,4.181699018,4.705157177,1.371999441,0.403878205,0.855256002,7th
2.551737105,2.250618913,2.957497475,1.370188874,2.00815831,1.724594543,7th
2.833792074,2.796176074,3.717128819,2.088922323,2.106700313,1.979495276,7th
3.478186248,2.524047522,2.250880276,1.371144041,2.15790403,1.599680552,7th
2.829215086,2.319074328,3.107318495,1.663426234,1.903903671,1.754649244,7th
2.35396525,2.576931743,2.048362644,0.593723952,0.753920924,0.523043365,7th
2.804161851,1.858557563,2.988572652,1.733876706,1.984040349,1.814910684,7th
1.533422813,1.350565887,2.310338108,0.877142687,0.995107141,0.433287524,7th
4.671755194,4.245677451,3.692485058,1.135435712,1.303399701,1.064633513,7th
2.980252378,2.181884493,2.00799314,2.137732583,2.305244208,1.910878016,7th
3.236993052,3.570601032,3.667729328,2.198079352,2.363001361,1.997898592,7th
2.777337238,2.656943351,3.414334063,3.350515695,2.607757248,2.655819738,7th
3.130047013,2.621703816,2.261323723,1.921136602,0.73656984,1.880555448,7th
3.152025912,2.340797414,3.13833886,1.768142511,2.268559736,2.407750398,7th
3.705197138,3.696397444,3.183794291,2.011895998,1.958284941,1.5894422,7th
3.473418755,3.200548682,4.080742031,1.175352371,0.814975251,1.126291648,7th
2.258519818,1.884164803,2.229911336,0.408406395,0.085470714,0.396817684,7th
2.312564487,2.176361402,2.056175881,2.011498459,2.352798557,1.283688175,7th
3.745564368,3.596743363,3.590762598,2.031271385,2.308337299,1.712409567,7th
3.472462109,2.820277567,3.299124007,2.545729554,2.600343922,2.086660504,7th
3.015984487,3.013141845,3.642058859,0.5179929,0.794863552,0.572797043,7th
3.227456838,2.477985339,3.262773885,1.522260481,1.913121708,1.274628607,7th
1.644025024,2.418402143,2.080250259,2.62309452,2.625067064,2.817512956,7th
2.858469389,1.997795993,2.709796349,1.649267765,1.273023721,1.040010975,7th
3.906745595,3.647558717,3.473775864,1.810032326,1.672400441,1.532060996,7th
2.127069734,2.452344819,2.419944024,1.589709497,1.364856874,1.18006973,7th
3.805170266,3.164550486,3.424559729,2.025519113,0.974956271,1.53102235,7th
2.993546369,1.978859,3.00631248,2.408080639,1.532316831,1.68533905,7th
3.717382113,3.734975089,4.064075691,2.664687697,1.815921751,1.935786603,7th
3.297614163,3.036391734,2.819887614,1.154011823,1.419835132,0.863811145,7th
3.235842127,3.969666886,3.316538449,1.782625759,1.431231108,1.777714943,7th
3.689185764,3.065493419,3.174866062,1.665720982,1.705264205,1.480583684,7th
3.497553209,2.608288555,2.811528557,1.335704444,0.674673766,1.509260469,7th
3.781487057,3.545348292,3.71766088,0.482711145,0.718235885,0.776551342,7th
2.536707008,3.019519544,3.147841887,2.206240218,2.192759756,1.859656022,7th
2.588236407,2.470923237,2.527267941,1.924830786,1.426295259,1.600716728,7th
3.01385963,3.291905757,3.833156036,0.349725606,-0.227154381,0.163781941,7th
2.62812596,2.001201998,2.424959014,1.455131053,2.061550303,1.709051018,7th
3.86534361,3.44419016,3.397102049,2.058661415,1.038676332,1.385542085,7th
3.604182806,3.892571908,3.827265265,2.203890086,1.502274737,2.026613373,7th
2.969966633,3.403821683,3.081828998,1.616197722,1.87477754,1.627290768,7th
3.087883171,2.343867169,2.044259612,0.717437977,0.511760403,-0.109554411,7th
3.218862103,2.268230119,3.040495183,2.615192168,2.946352161,1.883075385,7th
2.088708968,1.453629959,1.999958225,1.837473158,1.567761534,1.638825461,7th
3.718272272,3.511742042,3.253370078,1.76762588,1.371535652,1.618273072,7th
3.750983098,3.436846307,4.974716931,0.930899275,0.47124552,0.817327661,7th
2.881561994,3.040373963,2.689286897,0.78522954,0.354678705,0.204972174,7th
3.707939336,3.94122875,3.653083702,2.351362446,2.103647826,2.37497111,7th
3.771912937,3.798087516,3.527528064,1.41324598,1.161381254,1.220294056,7th
4.469762818,4.467073438,4.228789608,2.808208569,2.700509049,2.750047108,7th
3.768320032,4.509879183,3.972977409,0.748368453,1.207719653,1.182152242,7th
3.405576351,4.126653686,3.775929905,1.694863829,1.217924823,1.259044514,7th
3.586889226,3.020598256,3.268798032,0.652198434,1.298762288,0.623680439,7th
3.011376356,2.707373332,1.931570683,1.876722803,2.422296353,2.021834858,7th
4.073762378,4.091849649,4.150666772,1.630676964,1.112556469,1.041859791,7th
3.377317053,2.21312957,2.005257748,1.671000694,0.9661453,1.70140887,7th
3.979531735,4.157524492,4.555627348,2.232104666,1.5760864,1.007019176,7th
2.102888754,2.496707073,2.610090577,1.679112932,1.915815915,1.487547996,7th
3.018096673,2.575978732,2.167249503,2.346216882,1.868645226,1.724539851,7th
2.299787791,2.418392771,2.611799717,1.891587547,1.542452607,1.952544916,7th
1.494569015,1.757536294,1.873745148,1.901969805,1.145507893,1.360518578,7th
3.463753226,3.539444352,3.000007432,1.270257164,1.260967876,1.036618169,7th
2.169749108,2.192110501,2.020839899,2.543887062,1.946719694,1.662897222,7th
5.130757305,4.455989175,4.932883715,1.416058012,0.262898361,1.375214414,7th
2.966972751,3.308039813,3.302543139,0.662921351,1.016252197,0.718103199,7th
3.990782306,3.713824955,4.309144336,0.209716925,0.496484582,0.213045801,7th
3.78231578,3.394353999,4.006410822,1.951132651,0.558692894,1.230036289,7th
3.035125621,3.22885835,3.361639218,1.693644205,1.603344368,1.731447453,7th
3.033226166,3.464676724,3.43551206,2.606057639,1.577619659,2.0181004,7th
3.200334466,3.60355084,3.733643057,1.820781477,1.384595967,1.372626264,7th
2.990222392,1.820987407,2.509119186,1.893429816,1.411372753,1.886253152,7th
3.882490931,3.368761016,3.714334547,1.816387902,1.265491532,1.96430834,7th
3.673629899,2.687508346,2.774189915,1.738585963,2.158369386,1.830874371,7th
2.932635126,3.086804101,2.71439302,1.296864418,0.161506207,0.907588433,7th
2.624750299,2.694566968,3.023049178,1.946432016,1.959430932,1.917379505,7th
4.00163075,4.230271657,3.481180522,3.606214444,2.827005854,2.712227201,7th
3.564827122,3.692028334,3.537202013,0.938205043,0.574662421,0.892103188,7th
3.677344334,3.382873671,3.775986228,3.256237821,2.222507856,3.194423151,7th
4.465519405,4.459278166,3.378882668,1.663882936,1.165703648,1.236448069,7th
2.73201879,2.168221959,1.770357592,1.200893843,1.456163211,1.191653557,7th
2.902368463,3.134465368,2.506759871,1.727128529,1.472666783,1.088823608,7th
2.074093468,1.858426171,1.8725212,1.219960477,-0.166452236,0.580757242,7th
2.174965276,2.700523959,2.896671401,2.503015902,2.365943562,2.450502159,7th
3.715616455,3.896811607,3.524378421,1.796756959,1.415966757,0.945712985,7th
2.871258678,3.658449298,3.687629264,2.16629637,1.707794661,1.750502951,7th
3.696799322,3.619584061,3.053044791,0.845626348,0.11905229,0.716753908,7th
3.459185431,3.044406651,3.196590192,2.330451536,2.425821383,2.599104711,7th
3.367590047,2.445820849,2.64206693,2.027322299,2.117945362,1.991912715,7th
2.928527757,2.309607465,2.918121078,1.006693833,1.074583971,0.828793854,7th
3.377040592,3.212539116,3.339666597,1.431358931,0.671900718,1.383416755,7th
3.128429099,2.176708592,2.039163255,0.895869978,0.403708319,0.687136699,7th
3.030419462,2.696475266,2.922651109,1.533839771,1.938842918,1.4565735,7th
3.245719408,3.16900583,3.085503932,2.218724027,1.916612186,2.323717169,7th
3.185006622,3.088628615,3.042827547,2.058904381,1.551072868,1.949309992,7th
3.432475031,4.001139053,3.926609688,1.747204453,1.639882707,0.898993043,7th
3.891684464,4.098007327,4.475980849,-0.409183827,-0.582131203,-0.107541757,7th
2.746009065,2.511542507,2.246799133,1.663318672,1.638391338,1.426928597,7th
3.172309952,2.726243267,3.384899078,1.494342128,1.717124033,0.97982333,7th
3.377668054,3.516033074,3.141865816,1.283439379,1.07303,0.840300286,7th
3.456267053,3.554300291,3.268674639,0.857939048,1.251117871,0.703467645,7th
3.983905929,3.807452351,4.07790445,1.864359127,1.760145509,1.203584627,7th
3.226341711,3.029852303,3.621547522,0.76778717,1.393024904,1.626049203,7th
2.75785087,3.087922107,2.397461322,2.239235111,1.638113322,1.380831627,7th
2.69389447,1.899959457,1.571377237,1.91783825,2.031052286,2.130971145,7th
2.644484805,3.11656867,3.052057464,2.485778989,1.678388812,2.010830348,7th
2.081439655,2.773136792,2.287524337,2.694220072,2.134903896,1.834548181,7th
3.941762064,3.864060302,3.935426107,2.065984527,1.324123249,1.97960781,7th
2.659578046,2.290804887,2.461745342,2.601845708,2.258714332,2.955597349,7th
2.04862088,1.438939828,1.834902756,2.697431597,2.464635178,2.551840657,7th
2.097902075,2.330813089,2.652779653,1.697904967,1.412288641,1.391972496,7th
1.478913867,2.216881816,1.892098741,0.914125032,1.485644799,1.286644253,7th
2.720103758,3.424110722,3.149458962,1.628177108,1.114676218,1.226801556,7th
3.515720362,3.921398777,3.453965824,2.871272776,1.814961866,2.011269124,7th
3.881630816,2.772178452,3.395784068,2.243793441,1.227896835,1.216438074,7th
2.360918591,2.96284037,2.67920236,1.994719767,1.550401233,2.132222675,7th
2.543735603,2.731388673,3.235634783,1.476021375,1.487127638,1.525710907,7th
3.075969131,3.632354563,3.333934095,1.846776765,2.159486418,2.088945311,7th
2.681039206,2.960210822,2.629332478,2.307452345,2.12491117,1.794343964,7th
2.618343008,2.669512215,2.305303794,1.211084685,0.815503432,0.951959107,7th
3.380090101,3.737860203,4.382749599,1.268557002,0.804121846,0.911761998,7th
3.007635757,2.751899196,3.091288532,2.753797957,2.362190925,2.73431193,7th
2.23206326,2.680623054,2.360316574,0.482508892,0.496186546,0.96617274,7th
3.654692553,2.247699925,3.010158605,1.508314892,1.704770454,1.431739539,7th
3.405843941,3.427781706,2.915205412,1.969707271,1.876361086,1.800277974,7th
2.898926796,2.664009301,2.643094006,2.680594692,1.983622545,2.564578564,7th
4.710470651,3.508072073,3.696386847,2.268108191,2.159758339,2.186485333,7th
4.02432475,3.63791932,3.002507329,0.967530937,1.624109737,1.04881674,7th
3.07924124,2.528916641,3.002394189,1.807090591,1.850507767,1.819803048,7th
3.792212454,2.754042639,2.870671228,1.415710418,1.700426465,1.463584005,7th
2.808859682,2.748530454,2.695499473,2.536309737,2.136578668,2.20367276,7th
3.146836816,2.931615505,3.050368067,2.333741221,1.634239705,2.254835268,7th
2.184423952,1.754933369,1.404967534,2.716606336,2.552230325,2.753266815,7th
2.451850542,2.765871017,2.901747767,1.219166794,1.379554964,1.326545457,7th
2.148709588,2.200614676,1.866061381,1.567893757,1.492619514,1.701855567,7th
2.554887386,2.662652162,2.408885979,1.95349692,1.725788966,1.656128187,8th
1.63425544,1.907074923,1.281916789,1.009208503,1.912283303,1.134022625,8th
3.900624122,3.267035694,3.249043599,1.927019245,2.10752602,2.083911247,8th
2.540730226,2.37199131,2.828344512,1.553310092,0.860801696,1.062878459,8th
4.06214706,2.977153746,3.295933636,0.949201847,1.585671807,0.841031052,8th
3.199126346,3.348345497,2.825041541,2.660831348,1.899763485,2.387921872,8th
3.701792781,4.043043633,3.768004023,1.022517454,1.109139471,1.18166836,8th
4.297075654,3.170209349,3.730419513,1.436466934,2.018819359,1.051931096,8th
2.377394246,2.497863298,2.708123142,1.483918964,1.745384017,2.004571239,8th
2.339298953,2.09649917,2.249914862,2.085947378,2.001098164,2.006133565,8th
3.33950587,2.812531615,2.632207303,1.669760442,1.964553855,1.703849818,8th
4.08334742,3.202961025,3.145917485,1.391244155,1.601245119,0.813262875,8th
3.054811086,2.975324436,2.591157488,-0.035787305,0.878477386,0.902595807,8th
2.053536526,2.562181996,2.714495309,1.767740856,1.105148685,1.541042228,8th
2.60212051,2.677894208,2.859207963,1.736392782,1.906924691,1.754353284,8th
3.48107333,3.344970516,3.870265029,0.456961304,0.938272197,0.736570784,8th
2.875767912,1.815786534,2.713610428,0.897466643,1.518590001,1.028501552,8th
4.239008679,3.72811806,3.790292163,1.724156663,1.931926206,1.97883476,8th
4.217039628,3.467486091,4.123989673,1.655172245,1.540258622,1.865373843,8th
4.03387209,4.178072678,3.988168126,1.291746925,1.407225774,1.14294247,8th
2.83481107,3.367462481,3.016766298,1.989281,2.50145868,2.439265564,8th
1.823880646,1.648100597,1.585186941,2.043063574,2.574299579,2.372784413,8th
3.713843502,3.53647941,3.398243588,1.275593796,1.442508742,1.42320815,8th
2.283229917,2.129006551,2.349694469,2.429317465,1.962687001,2.389510634,8th
2.951784666,2.381706497,2.753851244,1.424320554,1.416958253,1.170949643,8th
2.496804155,2.269800521,1.929225463,1.884947021,2.026628876,1.945016222,8th
2.763335206,2.831253075,3.214237668,1.556077148,1.644415779,1.291982478,8th
3.610515137,3.039433662,3.539897065,1.101421598,0.970148669,1.304319703,8th
1.71007671,1.297734355,1.504639143,1.539628148,1.326234823,1.056888482,8th
3.10531978,2.559640536,2.997322835,1.431958319,0.812710982,1.591281104,8th
3.547007098,3.126996253,3.923095527,0.599460107,0.543641579,0.612001361,8th
3.985006936,4.555999694,3.489337206,2.972668947,2.651873047,2.588059325,8th
1.552107018,1.297133431,1.642217617,1.811012589,1.98635998,2.499579022,8th
2.098602179,2.087271503,2.034372861,2.691846916,2.781640393,1.837839289,8th
3.693556833,3.523799466,3.765898542,0.87061046,1.452213484,1.12874863,8th
2.805290283,2.246595674,1.825737979,2.283097423,1.885859959,2.027816252,8th
3.216915895,3.189363501,3.564653984,0.814184742,0.529179869,0.87274649,8th
1.696621785,2.630506772,1.984637281,2.519538649,2.853215527,2.769996485,8th
3.743441332,3.151737514,3.739681826,1.823898374,0.952207179,0.965021902,8th
3.762288799,3.851563035,3.87181833,0.944797552,0.358266205,0.444356134,8th
3.305178278,3.153652602,3.610282234,2.386117928,1.803527095,1.916757567,8th
3.616245614,3.08636095,3.449916698,0.947062871,0.970146401,0.212054162,8th
3.395792303,3.366687224,3.663719224,1.671982496,1.285580098,2.049267605,8th
2.284604332,2.13189241,2.265180458,3.071849831,3.02792635,2.719640757,8th
3.680799943,3.274425853,3.351558628,1.478070658,1.797591472,1.296734763,8th
2.916171535,2.324302146,2.633344054,2.682635249,2.217023962,2.539343415,8th
2.56366629,1.670455709,2.158646624,2.232017203,2.439119771,2.262252266,8th
2.56659001,2.282772186,2.248014221,3.152385171,2.695616287,2.632962175,8th
3.29646845,3.674938722,3.999413004,1.655922881,1.304077809,1.279703843,8th
2.804546514,2.261264864,2.281142554,1.182428732,1.172511435,0.968838807,8th
3.848236378,3.322248206,3.55273398,2.137213694,1.872514552,2.286164949,8th
2.204093259,2.071049999,1.815578537,2.316890966,2.218835665,1.388476702,8th
2.558660487,2.52858897,2.435942829,1.274013376,1.300101187,1.537154853,8th
3.408388511,3.336819622,3.038336349,0.829132775,0.848047761,0.403986571,8th
2.622428871,2.654043398,1.931428467,2.320266838,2.542099984,3.117851344,8th
3.397542083,2.759800987,2.936491998,1.724447391,1.703669859,1.474403127,8th
3.890167123,3.610221795,3.232047959,1.917515621,1.759030046,1.770230218,8th
3.125603707,2.685543512,2.910973002,1.703606668,1.214324224,1.620108109,8th
3.38608848,3.060997972,3.176066225,2.265726459,1.815165086,1.803972218,8th
3.755631942,3.82407377,3.273114266,1.369137946,0.970868565,1.611615685,8th
2.17962944,2.748807315,2.242293834,2.320952897,1.893983709,1.361057041,8th
1.715652902,1.98784401,2.107208378,1.752352265,2.410042834,1.654903043,8th
3.604106824,3.518525007,3.861765408,1.711692697,1.680295715,1.310468324,8th
3.42719312,3.245519744,3.619238744,2.117430621,2.44081236,2.410887755,8th
2.564520204,2.278079708,2.305509481,1.277857124,1.210176274,0.615954878,8th
3.335998127,2.922981254,2.671959238,1.657503994,2.117046235,1.804821703,8th
2.863878507,2.71804459,3.04316887,2.528063368,2.479062039,2.115398949,8th
3.86089513,3.631487126,3.722624427,0.412241422,0.025795202,0.173494777,8th
2.733536143,1.922154129,2.586681887,1.633591255,1.478630045,1.387929708,8th
2.762401016,2.711913673,2.230168087,2.240582237,2.014883282,1.620999782,8th
3.214094791,2.744523235,3.276421868,2.438752235,2.103885135,2.276302089,8th
4.319708599,3.495898679,3.77457953,1.372576801,1.165911276,0.896941156,8th
3.563818393,3.19833838,3.505204157,1.403993795,1.977452976,2.183148524,8th
2.576432185,2.859578198,2.739859881,2.559530474,2.182024829,2.161236334,8th
2.47363915,2.893792,2.852403795,2.14935103,1.936010176,2.028194962,8th
2.827800314,3.272834787,2.705398549,1.530080869,1.309142878,1.682188042,8th
1.101964097,0.975035302,0.812658536,1.748714623,1.932400187,2.16247762,8th
3.374091888,2.382967518,2.945164528,2.76966042,2.751308541,2.234283402,8th
3.515546092,3.525196816,3.947967768,1.70108761,1.76159778,2.244789182,8th
2.707535142,2.57453972,1.93220571,2.990002328,3.085668526,2.526801433,8th
3.082665743,3.22903059,3.349180724,0.79064553,1.278786497,1.146169257,8th
3.294927003,3.156108108,3.613663998,0.876130875,1.074429978,0.840287029,8th
3.471888345,2.95423492,3.574488493,2.123210267,1.679484958,2.08062523,8th
3.070545574,2.318257988,3.393789779,1.674449529,1.113748431,1.72019952,8th
2.665022641,2.6683558,2.550731616,1.940639497,1.712617214,1.355335282,8th
3.010538938,2.298509041,2.903472372,1.903903327,1.764469616,1.58769993,8th
2.967609108,3.318016226,3.220650335,1.875161934,1.840332711,2.088310882,8th
3.093096079,3.312047767,3.488050042,1.96650938,2.003601963,1.898234928,8th
3.373858203,3.316315408,3.292030168,1.998885519,1.371508086,1.251551989,8th
3.902881086,4.031819934,4.677871869,1.804064963,1.477592999,1.465612251,8th
2.762881859,2.431780046,3.15932543,-0.677427332,-0.042414227,-0.219203964,8th
3.557365575,3.480619678,3.539138707,2.81515167,2.081318745,1.933132106,8th
2.959285687,2.834587162,2.8345037,1.834724266,2.289410845,2.385184368,8th
4.42545163,2.969062092,3.800862063,1.993580093,1.787884592,1.420966321,8th
3.949484851,3.72949498,3.767936156,2.674176082,1.859125089,2.218565419,8th
3.034582915,2.160229251,2.980988859,1.778632887,1.211512242,1.384882881,8th
3.105910911,2.52493004,2.948694776,0.622177117,1.278183613,0.72821832,8th
2.399975869,2.476323854,1.937415819,1.4504918,1.248680255,1.296732286,8th
3.157080859,2.691921021,2.936810891,0.986610654,1.599393953,1.252983667,8th
1.78391239,1.760468802,2.381052707,1.716775198,1.328695704,1.611906584,8th
3.310067659,2.991122505,2.909962937,1.898155699,1.573315991,1.880574643,8th
2.784393763,2.651415255,2.265473924,1.794224828,1.63599309,1.372163316,8th
3.015816109,2.659343022,3.37637694,1.414416775,1.918781051,1.688319687,8th
3.431748963,3.170304667,3.067191076,2.779060064,1.228637793,1.658063102,8th
3.139945821,3.723373766,2.544771566,1.50686491,0.924444218,1.330636387,8th
1.491892669,1.545334542,1.411522716,1.776020861,1.540826241,1.665307244,8th
2.996247229,3.101209864,3.399027238,2.581396886,2.00043201,2.554042906,8th
3.590642946,3.176217546,3.550509135,2.651853694,2.461449219,2.063050637,8th
2.948947921,2.60088357,2.571966694,2.196406558,1.929845827,1.469860505,8th
1.453065527,1.69177556,1.814380212,2.148522066,1.651545485,2.066399801,8th
2.997659578,3.22203316,3.275827328,2.124601837,1.080054732,1.140630101,8th
2.255777122,2.520596902,2.595213378,1.909422686,2.74774672,2.38029497,8th
4.874485462,4.619061455,4.863588235,0.968606545,0.922928961,1.058023004,8th
3.641365213,3.638913673,3.72297414,3.429723075,3.077292613,2.691091555,8th
3.044222608,2.588402584,2.941843974,1.615377997,1.555161983,1.738795192,8th
1.544861011,0.93682183,2.091481079,2.258683476,1.837288928,1.403985708,8th
2.00116957,0.867001721,1.882713196,1.650878084,1.474493093,1.316774267,8th
3.363271506,3.463841153,2.640507673,2.655750115,2.613483768,2.324613335,8th
2.47545216,2.811359378,2.483452162,1.270974634,1.005646149,1.310055145,8th
3.776080547,3.648655785,3.692495031,0.308897953,0.920393343,1.248108459,8th
2.573906642,2.515323396,2.564719353,1.244206602,1.196803735,0.92021362,8th
2.80612579,3.375266743,3.107274075,1.248646679,1.409333393,0.765691549,8th
2.522324303,1.380650536,1.623535522,1.582716682,1.211987521,0.917208846,8th
2.383142374,2.030083823,2.536081708,1.75112453,1.43057101,1.294258774,8th
2.650010876,2.184400335,3.002660879,1.821969745,1.45850147,1.362436759,8th
3.50342923,3.232673898,3.371365532,1.042261731,1.066729257,0.934448762,8th
0.865772973,1.26334769,1.167117318,1.225920425,0.540096857,1.189490642,8th
3.179087561,3.776844905,4.15130218,1.370539151,0.734405873,0.697447524,8th
3.108292931,2.587525163,2.786885072,1.683933052,1.122866666,1.466132689,8th
3.286015742,2.725259172,4.037709568,1.79220092,1.999655543,1.887727909,8th
4.128034812,3.833640066,3.955318393,1.678730294,1.120248041,1.414626456,8th
2.86507133,2.610384074,2.748634596,2.596816407,2.265208772,2.255791906,8th
3.038817977,2.70741076,2.919018482,1.292280165,1.498387504,1.196643118,8th
2.436253647,2.177338783,2.511823802,2.778286849,2.402792382,2.770339345,8th
3.181280087,3.255228509,3.420098987,1.952982657,1.713091798,1.725746516,8th
2.554234693,2.553575091,2.171891741,0.824592372,0.995220285,0.989201091,8th
3.356825737,3.090461526,3.236936653,0.867052712,0.903300555,1.096209431,8th
3.348892123,3.376672519,2.806811175,2.195843995,2.027562247,2.168392699,8th
4.325435921,3.824275436,4.803359939,1.255937358,1.058634545,1.057323835,8th
3.248062882,2.76736058,3.292246573,1.293978276,0.955084755,0.714212554,8th
3.246607327,3.281934835,4.020075996,2.533100433,1.819901669,1.838368193,8th
3.336125946,3.15763482,2.814097014,0.497589711,0.896157196,1.356593613,8th
2.245576542,1.558437927,1.92997821,1.691224327,1.81307593,1.379729852,8th
2.529758201,2.149369877,2.663854271,1.922675406,2.298312643,2.027206304,8th
2.74991743,3.010392246,2.833169118,1.318824389,1.032921365,1.446661612,8th
3.448918563,2.902515578,2.617467775,1.366665114,1.441197995,1.091670284,8th
2.637405723,2.575733168,2.61289953,0.886350795,0.685845046,0.596925261,8th
2.310727002,2.781039881,2.225775657,1.462297919,1.183122086,1.84731184,8th
2.834412094,2.446034113,2.970860228,2.167072041,2.150733954,2.226250249,8th
3.303645989,3.431172051,3.161133324,1.649674135,1.293353526,1.307448515,8th
2.782994902,3.409244726,2.750618634,1.050914122,1.000008618,1.037400018,8th
2.535278556,1.978841222,2.10298417,2.124683555,1.751446035,1.975733701,8th
1.401129164,2.510092169,1.898078948,2.296174114,1.590504466,1.822099631,8th
2.574567129,2.008206195,2.120359941,1.582182401,1.898325819,1.719804162,8th
3.699079895,3.556667268,3.622988874,2.200569695,1.371237074,1.687744424,8th
3.854810357,2.504053262,3.399049502,1.355459217,1.461937074,1.240811989,8th
3.814052501,4.298570026,4.22222895,1.822183507,1.736511766,1.63140051,8th
2.23367583,1.916406422,2.038924834,1.388911882,2.385197603,1.9812508,8th
3.525772907,3.067364992,3.211793988,1.933395818,1.879915963,1.220801705,8th
4.011803122,2.586052836,3.477126236,1.120803317,0.671068686,0.645755186,8th
4.281834826,4.078532755,3.32186946,1.795754834,1.958226647,1.523799637,8th
3.57352824,4.021282988,3.899702359,1.557704836,1.593513283,2.066210423,8th
3.504528138,2.988288215,3.227460621,1.734659541,1.537329105,1.896889924,8th
2.351129948,2.733861363,2.349610779,1.268130186,1.10677658,1.16211564,8th
2.348277776,1.887256876,2.367985207,2.750984146,2.481311243,2.415626004,8th
3.592531304,3.767616431,3.679513743,0.714612753,1.057664533,0.849953505,8th
3.449987015,2.598551068,2.616142083,2.769845907,1.73572354,1.812553493,8th
1.985917202,2.169201776,1.84086879,1.875960185,1.351481461,1.395744259,8th
3.891107378,3.65039036,4.26841805,1.851392381,0.571982635,1.037078266,8th
2.819482862,2.409899619,2.867802246,2.771819714,2.558990237,2.467448896,8th
2.988485814,2.830038172,2.911882694,0.774305494,0.335036187,0.481414024,8th
3.09288022,2.919775056,2.610759524,2.552420933,1.913899338,1.311480742,8th
3.512842058,2.87528058,3.267616911,2.494399497,2.610761949,2.232624327,8th
3.917247527,4.823103041,4.666901413,2.04426996,2.121354981,2.14057035,8th
3.568794254,3.240638617,3.415051376,1.206673745,1.302865165,0.23358514,8th
2.760609239,2.903145171,3.081105416,2.129005577,2.526973723,2.06873063,8th
3.148476311,3.477073165,3.344376052,3.598236028,3.049166509,2.8782973,8th
3.70446244,3.230516469,4.059212036,1.166977309,1.44662046,0.983474669,8th
3.360209337,2.500124372,3.285817925,2.096838328,1.826245697,1.854226958,8th
2.803726839,2.370865718,2.427403865,2.074324319,1.721950103,2.254510917,8th
3.359869006,2.905663312,3.141656805,1.083623175,1.413217724,0.941084397,8th
2.208431525,2.253940696,2.223102225,1.690023562,1.890550624,1.639907823,8th
3.222863643,2.549807917,3.285583713,1.772115837,1.689355695,1.185442103,8th
2.294016633,2.234174859,2.051156755,1.394184112,1.196963415,2.135991334,8th
2.980051731,3.349953043,3.468855475,0.421103299,0.491500717,0.651358731,8th
2.657070626,2.121928231,2.228146908,2.529855293,2.57111481,2.537871133,8th
2.966693891,2.582398732,2.535171083,0.81060901,1.443670755,1.540891808,8th
3.153782252,3.231037472,3.231521949,2.577065029,1.862379186,2.1657992,8th
3.635712378,3.305586922,3.949048979,1.253336131,1.61891901,1.122787574,8th
2.478125529,2.742679174,2.067250062,2.21941211,1.666672024,1.711441084,8th
3.496938758,2.39684218,3.478384559,1.872171302,1.310982675,1.8668142,8th
3.461340839,3.674479368,3.493367381,0.379998293,0.669443859,0.403414446,8th
3.7377352,3.344506669,3.187307078,2.359128655,2.003689725,2.247502317,8th
3.565454199,2.360247868,3.114782052,1.379311403,1.115151224,1.139001159,8th
2.048358501,2.612418092,2.264076036,2.298858461,1.806491821,1.792400156,8th
1.807972685,1.904602626,1.53603605,0.671225013,0.903874546,0.903632219,8th
3.585400304,3.741228424,3.596269301,0.478202929,0.883942419,0.76168139,8th
2.724999036,1.656921562,2.230241458,1.55416398,1.75064518,1.23869603,8th
3.694917843,3.788051488,3.182592681,2.487306994,1.987681106,2.442621972,8th
3.423710449,3.227137118,3.77180282,1.382947572,1.289787124,1.120757623,8th
2.472368304,1.63924681,2.592211895,2.400700863,2.463746904,1.999706154,8th
2.344726678,2.845085011,2.576247652,1.55868401,1.661111536,1.506170568,8th
4.312898839,3.671054964,4.046091254,0.627835041,0.042545395,-0.249939043,8th
1.823546373,1.804603273,2.813616849,0.391086538,0.519877725,0.504739644,8th
2.72940005,2.109166419,2.144425122,1.648444737,1.723452843,1.314963355,8th
2.741589698,1.871587898,1.832485023,1.238896646,1.351713017,1.50216495,8th
2.791854678,3.295281894,2.836130943,2.150828479,2.186499159,2.132637136,8th
3.875800271,3.3945704,3.372743333,2.215234079,1.774094663,1.813163496,8th
3.23607606,2.958552015,3.172618649,0.986193747,0.227954617,0.764451176,8th
3.143048886,3.128616701,2.997346602,1.709996353,1.05169895,1.015371346,8th
3.143915461,3.093322314,3.857424862,0.525844777,1.033698433,0.593619354,8th
2.466912222,2.107744146,2.177975743,1.758961112,1.392942217,1.588232635,8th
4.147948392,4.089254745,4.238721332,2.150996759,1.592210769,1.490983858,8th
1.874809965,1.774910134,1.099993347,1.797965722,2.533195875,2.456751121,8th
1.833452694,2.014045976,1.786334601,1.700718169,1.715406917,1.359328217,8th
4.356687447,3.528005211,3.771965432,1.256780866,0.989132342,1.098461067,8th
3.159485564,2.713404599,3.017211963,1.717474733,1.634437257,1.056954177,8th
3.317759508,2.578829243,2.37979611,1.250553336,1.448721759,0.85228053,8th
3.39757348,3.374082279,3.971520372,1.169681455,1.557977359,1.790574087,8th
4.265409218,3.562351439,3.540660471,2.294326592,1.551170586,2.084240416,8th
3.529961723,3.308748786,3.885829291,1.2194383,0.709341471,1.268985866,8th
2.438149874,2.650841001,2.499600105,3.164386693,2.73666378,2.379795194,8th
4.22383831,3.984178613,4.198462033,2.435401265,1.209236049,1.385983042,8th
2.465065889,2.44749392,2.710684089,2.471303827,2.077722163,2.45428382,8th
3.025077366,2.545298157,3.073996275,2.575101361,1.872729263,1.210113521,8th
2.16865201,1.958320236,2.067605352,1.57298224,1.600201396,1.945102243,8th
2.735270363,2.546217789,2.861633264,2.0303325,1.309519754,1.734173215,8th
2.866476263,2.316311834,2.550183389,2.283152645,1.545904022,1.759396386,8th
3.464166687,3.108156488,2.572980441,1.546058457,1.879634201,1.525304802,8th
3.895439441,3.602118356,3.814197017,1.678569715,1.478185663,1.332148251,8th
4.107134844,3.445338605,3.789455908,1.810891798,2.237561896,1.512586911,8th
4.018934277,3.605174395,3.924583907,1.022642096,1.300754304,0.443964293,8th
2.800841189,2.754097628,3.660316939,2.314252269,1.947651143,1.873408089,8th
2.646270407,1.935435399,2.899861293,1.363644705,1.386021797,1.428940971,8th
3.274030926,3.315475095,3.406724316,1.365085442,0.952187354,0.663911617,8th
3.118235366,2.823439462,2.99170147,1.68464887,1.344997853,1.236300627,8th
3.018941499,2.653885198,2.80120985,1.454887593,1.184352576,1.35931015,8th
3.496316034,3.177506255,3.540277635,1.628227372,1.580104938,1.541496514,8th
2.874049416,1.879560847,2.406667714,1.643137666,1.435757391,1.563716025,8th
3.215889078,2.629318785,2.547400159,2.346418117,1.814522443,1.778758633,8th
4.361074257,4.249642754,4.255624011,0.72668968,0.606927463,0.700493016,8th
4.125082249,3.336324425,4.205582016,1.57086824,1.628824599,1.631289019,8th
3.982861355,4.122667907,4.225462007,0.792667968,0.658406139,0.921953397,8th
3.198514569,3.066147123,2.787440439,1.065607548,1.307225744,0.93571119,8th
4.029551565,3.592775674,3.783615615,1.647748411,2.237893357,1.710146267,8th
2.899822625,2.486941946,2.101799835,1.793183,1.32013764,1.502665405,8th
3.269921972,3.420809561,3.527236922,1.665228751,0.977335746,1.794668223,8th
3.645848362,3.093728023,3.361166268,2.6730995,1.85755869,2.201212515,8th
4.040230434,3.571578468,3.570875854,2.155610755,1.386911429,1.96182862,8th
3.701701136,2.911786916,4.237845726,1.81716972,1.122214176,1.329840064,8th
3.152721281,3.177970054,3.541321567,1.530178462,0.966956556,1.397057622,8th
2.678655357,2.254891638,2.398555744,0.409835865,1.012768948,1.071380804,8th
2.24353644,1.82312068,2.914271381,1.412248048,1.484015561,1.189518513,8th
2.801018898,2.243853192,2.50624118,1.35408206,1.328639265,1.255994048,8th
2.428511557,2.445798715,2.829860053,1.584092201,1.114260781,1.122463917,8th
2.518745567,2.532488498,2.455763973,2.180573059,1.336567877,1.391128989,8th
2.958652228,2.80656997,2.797628084,1.20578138,0.962385093,0.55067992,8th
3.69393622,3.512855819,4.652251317,1.191430419,1.023730562,0.982680225,8th
1.466669917,1.510049122,1.210053032,2.617039849,2.858779666,2.438772424,8th
3.563879824,2.910588546,3.74386972,0.837837874,0.757730665,0.773240068,8th
2.950413679,3.115016007,2.621654615,2.177570217,1.922451236,1.946861522,8th
2.930755303,3.29938309,2.724072395,1.923962779,1.320599723,1.830952419,8th
1.484999777,1.66374142,2.059669409,1.503619636,1.965557922,1.300012963,8th
3.485831781,2.780488036,2.965557369,2.554318207,1.871308068,2.153156395,8th
3.066892768,2.496828674,2.601954545,1.740290541,1.347147069,1.109405631,8th
2.22096013,2.212718599,2.988351991,2.855795673,2.56773162,2.893414797,8th
4.272910099,3.423881884,4.065131719,1.973434388,1.537565859,1.623560599,8th
2.377955653,2.237183978,2.099969565,1.979554212,1.787432434,2.296577009,8th
3.596223387,3.785482179,3.333572251,2.254434838,2.462746084,2.090337174,8th
2.936877924,2.588253444,2.990705983,2.179678977,1.476615168,2.257139593,8th
2.268561832,2.79429471,1.788289325,3.429791738,3.414989414,3.469798707,8th
2.672579926,2.264139059,2.073754718,1.322808135,1.774810986,1.482674634,8th
2.140432626,2.420138319,2.540179499,2.426540588,1.922843212,1.987530614,8th
3.354320755,2.830664846,2.945055917,1.598090526,1.779623083,1.446495784,8th
2.389680528,1.786178825,2.121109014,1.814959386,1.968959027,1.798983143,8th
3.24941703,2.258414609,2.928383511,1.928166149,1.246337073,1.708636386,8th
2.392750913,1.628776049,1.813881742,1.936660884,1.569376956,1.726424451,8th
2.039913534,1.107830807,1.722478652,1.651444156,1.780691257,1.573785908,8th
3.217207784,3.06676997,3.628977632,1.904211045,1.893439073,1.777061543,8th
4.366867063,4.529246317,4.374065585,0.393061879,0.281844782,0.087740427,8th
3.761521858,3.665942929,3.641080983,1.181795008,0.870160287,0.885983223,8th
2.200082834,1.627230245,2.016464047,2.150086295,2.01227095,1.700600107,8th
1.80144691,1.584941118,1.364262162,2.939550824,3.509848545,3.418636066,8th
2.778074662,2.018862258,2.171920945,1.640212343,1.35302688,1.533876221,8th
3.461316571,3.07413463,3.419627207,1.814502631,1.465327868,1.387032091,8th
3.797025629,3.173238699,3.491481082,1.884723659,1.435526941,1.449902578,8th
2.499877353,3.403223976,2.990678667,2.59900776,2.260459836,2.20429984,8th
2.827643978,2.511870783,2.77568554,2.797898381,2.066607013,2.402220679,8th
3.254294576,2.724255777,3.079254977,1.277561175,0.915515963,1.148091608,8th
4.258531102,3.571559981,4.239731148,2.116197288,1.354421984,0.893078135,8th
2.962567287,2.859617552,2.368971941,1.895408609,2.046612241,2.21132208,8th
3.049579981,2.218658295,1.903299298,1.095903419,0.891345652,0.632105954,8th
3.595420139,3.111448831,3.691001452,1.494193835,0.948773574,0.93032708,8th
3.302229289,4.209510148,3.438424606,1.175058371,0.810250484,1.60688834,8th
3.543872846,2.926179368,3.33498998,0.87979481,1.19038629,0.836339043,8th
2.608076463,2.487291734,2.645294843,1.985152769,2.132495394,2.011940328,8th
2.669323488,2.015575225,2.498774016,2.328259292,1.975751304,2.431130136,8th
1.520976726,1.68095944,0.892317403,2.904760199,2.927723261,2.748262847,8th
2.285700228,3.317338926,2.93361789,1.562630392,1.52375376,1.421367594,8th
3.7536887,3.296077724,3.366374274,2.403006511,1.925903488,2.186385015,8th
2.528532675,3.034028504,3.000804356,1.651853956,1.767205097,1.239609249,8th
4.107241032,3.864172345,4.619125909,2.302556348,1.887772678,1.415818974,8th
3.112906106,2.792444235,2.729238605,1.685308706,1.473638804,1.535481182,8th
2.526537511,2.155885734,2.86183183,1.852169328,2.273240476,2.155689529,8th
2.072188056,1.482033853,1.912246076,1.231567215,0.928415021,0.651199247,8th
2.837284355,2.52600824,2.327154971,2.732805819,2.418402435,2.548148636,8th
4.07511412,3.439999529,3.632016066,2.556474859,2.429008572,2.111798189,8th
3.157550098,2.630464337,2.612059035,2.082577873,2.40787376,2.248845859,8th
2.202283631,2.174736902,2.525356265,0.37707351,0.673041455,0.290167127,8th
3.520230232,3.002369643,3.495804707,2.156076652,1.427782418,1.703344373,8th
3.854378942,3.353274246,3.401934237,1.458412276,1.268544799,1.426425651,8th
3.461524591,3.546380138,3.513784855,0.854631714,0.822843679,0.700527029,8th
2.569229623,2.569604571,2.473182054,1.47448265,1.402459934,1.466587785,8th
2.551585596,2.187137905,2.233478685,2.486606355,2.724542949,2.84425887,8th
2.961728775,2.259125188,2.432135966,1.777018066,1.445590586,1.181375618,8th
3.633530289,3.666413112,3.952075833,2.203442397,1.080858791,0.972972463,8th
3.293324505,2.640138471,2.782311048,2.06258745,1.374479548,1.727829775,8th
2.519566035,1.622122772,1.792351289,2.461371057,2.033705775,1.644618148,8th
3.285264964,3.08847488,3.144873327,0.323988882,0.24701377,0.510170394,8th
1.692042263,2.154205051,1.76678808,2.049162645,2.230315236,2.130138048,8th
4.075923176,4.046396253,4.098040744,2.084497384,1.898645094,1.350707165,8th
2.697451338,3.076793501,2.725415941,1.813271529,0.85749925,1.787908377,8th
2.448993805,3.276771551,2.743385786,2.261412121,2.775744777,2.718997558,8th
3.194385679,2.090399454,2.748677084,1.052888854,1.436690215,0.592034609,8th
3.652997934,3.829486407,3.897669161,2.046108228,1.360719387,2.168262166,8th
3.432328666,3.840474813,3.902097434,1.19621418,1.113341829,1.110067757,8th
2.372538195,2.578710406,3.100485044,1.854933038,1.857196146,2.104626673,8th
2.459098535,2.237411038,2.317032408,0.505444453,0.669804223,0.584874667,8th
4.730824062,4.184460472,4.069766281,1.264142389,0.742651048,0.43749862,8th
4.31350826,3.876777848,4.261338586,1.492487598,1.398286432,1.629964833,8th
3.24434588,3.631676772,3.486390584,0.658694434,0.897636874,0.622104545,8th
3.064532335,3.296896022,3.464471038,2.391300423,1.540096093,1.606477953,8th
3.643982269,2.988558432,3.964790257,0.812913662,0.671568419,0.661751532,8th
2.077307007,2.378850194,2.265700419,2.517138321,2.66642283,2.352481093,8th
2.824614547,3.607961688,3.326158126,1.280820036,1.726423689,1.656199072,8th
4.359246035,3.986590667,3.897631465,0.535391422,0.196139487,0.884570548,8th
3.111551494,3.00068518,2.611099758,1.604889914,1.764341704,1.882864904,8th
2.734977747,1.657492671,2.072808431,1.721858907,1.276713165,1.174745239,8th
1.59917402,1.362631597,1.052899036,1.67654462,1.740926971,1.928031023,8th
4.087934379,4.134995342,3.881899494,1.430426471,1.273208188,1.133969289,8th
3.261922564,2.855891172,3.71817436,2.219871137,1.539260274,1.704974945,8th
2.572795911,1.676861528,1.787071467,2.336305459,2.111922352,2.377069659,8th
3.111334177,2.67624816,2.796036229,2.325049232,1.969498915,2.408507554,8th
3.26274249,3.275749744,2.544441949,2.166601878,1.890795366,1.526839475,8th
2.589723656,2.225692976,2.33500403,1.178175818,0.76969053,0.656230239,8th
3.458026059,2.720211935,3.188296724,1.929753322,1.809484783,1.879686916,8th
4.558524053,4.580444272,4.709099159,1.585114669,1.92784258,1.765329709,8th
2.665657025,2.713327362,3.439938147,0.952654285,1.051447817,1.422351994,8th
2.91601475,3.017087348,3.438916869,1.525145791,1.86509049,1.920730086,8th
3.366247732,2.791412218,2.86867969,1.903150619,1.917576398,1.914402284,8th
2.812854021,2.708318561,2.516048966,2.302847509,2.087924462,1.730939714,8th
2.709321934,2.496485519,3.123079683,2.03326741,0.966129093,1.935997842,8th
2.873344374,2.609783411,2.675428959,0.479194057,0.982650049,0.881028463,8th
3.33135596,3.489220257,4.042630492,0.653763422,1.224852589,1.106311492,8th
4.578887008,4.38630343,4.43621387,1.302736214,1.081959177,1.204938665,8th
4.07875391,3.48957111,3.212261073,1.495047273,1.70241078,1.670682038,8th
3.964033103,3.954934109,3.713326744,1.261969605,1.113783933,0.90015412,8th
1.752975324,1.479120298,1.40048918,2.022464862,1.978106464,2.246625831,8th
3.49171611,3.28603115,3.264623728,1.653037171,1.746055417,1.982603831,8th
3.182045617,3.142305741,2.833341253,2.080495077,1.198500639,1.258255724,8th
3.97163861,3.226020335,3.771868465,1.778363618,0.844945222,1.094266521,8th
3.638931872,3.528223602,3.072753458,1.717756845,1.843234775,1.426033043,8th
2.966072864,3.136968488,2.807612082,1.095366601,0.656883742,0.748272343,8th
3.173133508,2.794712771,2.953580699,1.770440584,1.693011679,1.619712632,8th
1.955773907,1.43855975,1.200977126,1.720278518,2.390998798,2.178012094,8th
2.500666508,1.352830843,1.73054607,2.670812265,2.516963119,2.771491677,8th
2.289215918,2.197194608,2.609709095,1.368182424,1.656493735,1.756973979,8th
3.016877142,3.214087507,2.521031967,1.320370603,1.39906011,1.465388055,8th
3.65888571,3.212950583,3.63355275,1.640887086,1.16607422,1.139639695,8th
3.286798495,3.052758237,3.542403999,0.356618432,0.6478489,0.345661297,8th
2.873068407,2.290712024,2.686789222,1.647640158,1.799638159,1.666790677,8th
3.379440258,3.098054717,2.860994401,2.448259301,1.900492284,1.294465854,8th
4.192927678,3.577607155,3.001485718,1.349550521,1.775398849,0.987338427,8th
3.916344226,4.068280654,3.983759947,1.235205559,1.279242705,0.962359706,8th
3.275166382,2.372807727,2.780687816,0.897074639,0.652354654,1.249909355,8th
3.879317561,3.912496482,4.359382961,1.470856255,1.354026157,1.465269276,8th
2.39469825,2.853451374,3.071178069,3.5677218,2.439800267,2.148421117,8th
2.968250279,2.886499343,3.644789158,2.571609556,1.808242908,1.629845156,8th
3.7879746,3.269516339,3.756923288,0.580974482,0.948223252,0.900715244,8th
