PosAFF11,PosAFF21,PosAFF31,NegAFF11,NegAFF21,NegAFF31,PosAFF12,PosAFF22,PosAFF32,NegAFF12,NegAFF22,NegAFF32,PosAFF13,PosAFF23,PosAFF33,NegAFF13,NegAFF23,NegAFF33
3.407195916,3.161365893,2.691232265,2.420702016,2.353114019,2.33876711,3.608671897,2.385395771,3.029974574,2.283467717,2.317373432,2.393248522,3.561400806,3.506352875,3.862975113,2.090483704,1.327633273,1.668048755
2.594690943,2.682974012,2.676172926,1.665240259,0.82284159,1.083938115,3.103346067,2.666752613,3.251785765,1.651940733,1.701934466,1.346241649,2.893546367,2.804487967,2.637762037,1.257375854,1.658527269,1.429817169
3.168698274,2.854089982,3.27787343,1.564608626,1.690939814,1.502032036,2.32799928,3.061529074,3.272172956,1.749022479,1.623757496,1.57632649,2.705572117,2.310391299,2.841122087,1.699849054,1.737358207,1.8542867
4.600159845,4.698997161,4.751315497,0.935266819,0.794490313,0.205177961,4.254750218,3.792440069,3.934391939,1.279030075,0.874189108,1.182267401,3.21282567,2.775790872,3.239003737,1.824777542,1.301645039,1.535628511
1.911294244,2.184560656,1.661057022,1.607639478,1.504601584,1.20984984,3.971308122,4.674580291,4.093507886,1.01975144,1.03762484,0.777671628,3.487932434,2.673106915,3.093565167,1.316974791,0.712028368,0.708346057
3.472353729,4.016982429,4.021543334,1.975410783,1.134822272,1.729404999,3.845904378,4.186824612,4.31639843,1.189547738,1.186680065,1.315851964,3.236481497,3.256453155,4.02338336,1.053895358,1.44490868,0.960075303
3.163760585,3.015287075,2.928120112,2.039275331,1.872518216,1.784964494,2.851704519,2.082840604,2.840761371,1.515971498,1.417162778,1.633123959,3.058846415,2.78955073,3.490754657,2.169271406,1.83319445,1.871263657
2.820906108,2.2762613,2.997939128,1.476542658,1.134319808,0.735096829,3.290393817,3.24337792,3.157361792,1.395215217,0.836866345,1.178832708,3.779939547,3.650481365,3.471706098,1.873644713,1.480670899,1.475305411
3.009263225,3.22721066,3.480076453,1.035121115,1.262410948,0.862410377,3.795179078,3.757917006,3.796640167,1.140909092,1.385470207,0.909960137,3.298865157,3.055719278,3.371058851,1.552926096,1.412852829,1.158213429
4.267760538,3.676018757,4.139683125,1.098312775,0.937838366,0.700633091,3.689013201,4.143183714,4.103151914,0.759197392,0.660835829,0.57520978,3.851374352,3.812906186,3.967332456,1.265956122,1.122532065,1.324389616
2.706508283,2.715398287,2.520854165,2.183249167,1.999846658,1.772278284,2.584227868,2.664334111,2.036198824,1.750105074,1.553049714,1.851345766,3.350291439,3.427639214,3.570311012,1.599804836,0.84801711,1.029078641
2.875631848,3.017026203,3.040193856,1.498899606,2.267017373,1.272628174,2.965730895,2.544509698,2.876374536,1.184873825,1.103978017,1.119024134,2.64246647,3.050175458,2.665419833,1.447796317,1.465069881,1.411068522
3.283242212,2.826315707,3.006658498,1.283498224,1.343023844,1.421266285,3.171569414,2.596053512,2.616995398,2.051094841,1.967866154,1.391853529,3.916708483,3.086677196,3.753149893,1.788017632,0.833743719,0.940547651
2.10849221,2.462135319,2.054043552,1.671633677,1.815260268,1.404552922,2.308220794,1.965632673,2.525775417,1.827592539,1.455061555,1.678317769,3.522656061,3.426648398,3.135857638,1.506889117,1.329286852,1.272553187
2.685569638,2.775561139,2.821940606,1.655755604,1.514454791,1.208148769,3.054316913,2.559897891,2.754755615,1.950139278,1.880616689,1.854818555,2.693407782,2.31185831,2.584908403,2.498719442,2.117418892,2.107828192
2.525459074,3.637316681,3.416926684,1.49117763,1.53003641,1.272553637,3.338434845,2.70844029,3.049815875,1.163742253,1.334952097,1.358534329,3.922170448,3.134901338,3.551151625,1.88858311,1.338166118,1.284736711
3.464287942,3.901353675,3.999726422,1.237888654,1.305548464,0.30847784,3.470051017,3.564772048,2.914822264,1.035187207,1.20751037,1.178302724,4.2006514,3.981564564,3.443108433,1.620680373,1.414587701,1.325445932
3.530974743,4.034280101,4.198425869,1.72302369,0.86072098,1.415197062,3.461762591,3.473823334,3.449825664,1.865121081,1.37397273,1.469366375,3.893155771,3.737588788,4.193827576,1.478364194,1.027310902,1.526407169
3.594082687,3.615144031,3.624943911,1.620788771,1.58682834,1.90322971,3.195371316,2.802582711,3.724434401,1.147405805,1.58734998,1.443887213,3.622671969,3.60900724,3.703816306,1.469577501,1.027818698,1.24194009
2.649032867,3.050274022,2.89402263,1.909180751,1.745257505,1.841890974,3.226752417,3.319072694,2.997929533,1.521445545,1.136947011,0.830257637,3.587396884,3.557544041,3.744461067,1.532162656,1.165989052,0.83452391
3.773473855,3.743490742,3.068382933,1.472008235,1.105970262,0.652993609,2.767046236,2.379885524,2.531684053,0.750225871,1.03146668,1.256106678,2.826625919,2.776611326,3.647703452,1.309989596,1.556244917,1.555401345
3.259196692,3.722752707,3.448868705,-0.310244107,0.421018058,0.50505369,3.620813004,3.392197692,3.441751227,1.236384671,0.529222929,0.985242549,3.717643379,4.053165189,4.065749935,1.157519525,0.775120635,1.417605173
2.505883215,2.762521079,2.680157852,2.116180741,1.530355012,1.693117013,3.194164753,2.713189447,3.048305995,2.26679039,1.865416147,1.700486358,2.587296298,3.212598508,2.17535883,1.664284295,1.78171204,1.8347176
3.068167941,3.092085297,3.05285029,1.152140289,1.189410407,1.606997641,2.929108472,3.215747021,3.684238149,1.817360831,1.372930081,1.413090244,3.213211853,3.547103764,3.404492296,1.616747291,1.686336854,1.329908679
3.252776421,3.207991068,3.487377801,0.524450107,0.063462661,0.685179619,2.970826442,2.206712092,2.788981904,1.101253196,0.914698263,0.98167873,3.460057403,2.820028895,3.869269754,1.573837576,1.303398568,1.387579253
3.196072921,2.581328619,3.516771163,1.933131448,2.18364013,1.873895742,3.101272297,2.091204041,1.969946404,1.311574778,1.557162446,1.446549135,2.935782616,3.232440962,3.457937273,1.469148958,1.403608571,0.716519222
3.070234091,3.05027487,3.236940363,1.094679842,1.175517419,1.80552798,3.106929059,3.201721574,2.794373042,0.753640331,1.226414238,0.933587494,3.388789969,3.347628153,3.323837881,2.008575309,1.644120694,1.327533144
1.769113078,2.465858298,1.760149781,1.687874634,1.615513573,1.764946149,3.204146063,3.290655338,3.298584682,2.358774844,1.982343029,1.851385915,3.299687485,2.921664871,2.717359425,2.164596529,2.211864787,2.120840332
3.210684762,3.060433128,3.901431854,0.928825443,0.915785787,0.635068986,2.486587934,1.756871524,1.941627242,1.434299924,1.76284565,1.407475347,3.249374486,2.866072358,3.407173328,1.477882194,1.15519822,1.225994769
2.911761414,2.395742446,2.93404151,0.935779606,1.476558189,1.52040757,3.239943719,2.730772772,3.462137981,1.724712149,1.737140695,1.559092262,3.057639088,2.353261991,2.272914338,1.411013988,1.134940009,1.263107261
4.661272258,3.830904623,4.595308636,-0.858401031,-0.399060432,-0.346310867,4.230574017,3.899455193,4.91640835,0.583004672,0.57115241,0.537391174,3.689336668,3.802185804,3.778622645,1.74179949,0.936761366,1.409842233
2.644331008,2.807070599,2.618769746,0.388367285,1.089377417,1.150765378,2.451575775,3.535224952,3.035993452,1.656507702,1.317978178,1.654429264,3.444899175,3.004514916,2.834719952,1.651572586,1.508285887,1.265211893
3.709747579,3.514120913,4.061546131,1.333936831,1.012337193,1.388168685,4.097897533,3.862768824,3.759992023,1.564462962,1.198138641,1.451734681,3.501208761,3.359562933,3.6165825,0.73658711,1.026997149,1.257119401
3.063511276,3.234895768,2.720709609,1.114191067,0.745517376,0.685565605,3.101284112,2.382439862,2.742831302,0.66979916,1.001330163,0.792098552,3.058687187,3.129986364,3.078732935,1.003255295,0.875827837,0.920283545
3.039142031,2.308316494,2.74539568,1.116728724,2.053212251,1.654711146,2.920097064,3.439535708,2.999961548,1.797135378,1.498248637,1.318252012,2.771763267,3.378285774,2.206005345,1.483169848,1.569506409,2.067322815
3.518080115,2.782853085,3.095844711,2.242515041,2.048651414,1.826468057,4.00576062,3.288650453,3.910362048,1.535888603,1.525461066,1.280259619,3.50095984,3.017160818,3.183896869,1.663518122,1.066538084,1.761564073
4.184755671,3.977542179,4.342599557,1.508332568,1.369076093,1.160841866,4.486619024,4.054489135,4.439800045,1.527852933,1.206471957,1.160792228,4.312325789,3.738420864,4.161016774,1.183579831,0.628700726,0.928725188
3.471030313,3.19048566,3.418800346,1.36302093,0.915578745,1.035528946,2.039038411,2.073732256,2.101622458,1.950266175,1.204579099,1.561916539,3.630921298,4.114138836,3.9996998,1.480005758,1.005925468,1.755014677
3.622290872,2.989540886,2.683357554,1.741481785,1.947599028,1.730985999,3.323359575,2.789219869,3.246845391,1.702178335,1.079112723,0.862425581,2.850288194,2.846397862,3.244996929,1.727643791,1.134303193,1.503136385
3.438908388,3.435376748,3.675630142,1.461910716,1.365163107,1.293423227,2.40636458,2.461395659,2.83569743,1.306882964,1.147209137,1.679763525,2.713081198,2.641539157,2.710338114,1.03986307,1.072370481,0.612401681
4.498924426,4.328346917,4.864045954,1.125372406,1.110278055,0.699740455,3.836344364,4.313508518,3.68076248,1.270732186,1.092204277,0.501471788,3.917679765,4.143029321,4.46113889,1.324524652,0.912616726,0.776600486
3.824237496,3.325603366,3.588345646,2.910163567,2.219731922,2.298095462,2.428524939,2.741568931,2.709175459,1.726322546,1.573025708,1.459412431,2.696790962,2.50478504,2.642954182,1.831622332,1.570609342,1.624076257
2.473674577,2.69427959,2.571665404,2.128798085,1.804113605,2.044958486,3.246003597,2.512371794,3.058940164,1.697441519,1.536344619,1.180568878,3.422249603,3.112040817,2.851580508,1.869818432,1.415842258,1.184496314
3.568610372,3.459458216,3.989278271,0.969824256,0.426278147,0.324427663,3.825943038,3.543568273,3.275868423,1.002579033,0.786189279,0.753569806,3.730737927,3.429479201,3.530286012,0.677349396,0.320472132,0.990282606
3.284645038,4.087371511,4.058569053,0.948314469,0.681027884,0.25626519,3.984373141,3.096222394,4.053786225,0.179706375,0.672749979,-0.034942086,3.226202325,2.922830575,3.588912276,0.66497641,0.318770958,0.425022113
3.967049724,3.371372343,4.722048128,0.994167816,1.334508947,0.663524089,3.669788991,3.980777077,3.640115799,1.215687733,0.974881258,1.406132978,3.578926881,3.037324154,3.026405463,1.668517232,1.008139301,1.650733752
3.600092903,3.222651316,3.372718225,0.765910749,0.677525459,0.307237938,5.020663622,4.506032461,4.847812975,0.467172524,0.553979191,0.359563843,4.314346081,3.566390481,4.429223375,1.666997036,1.121074872,0.826194773
3.875645535,3.631289032,4.145960611,2.213897116,1.490870092,2.073928008,4.109679617,3.911413558,3.992524132,1.996331044,1.735082158,1.650175438,3.489261443,3.914449016,4.107840303,1.489625179,1.03298381,1.402431419
3.652563195,2.809382064,3.281829895,0.480154863,1.310655315,1.093315371,2.951621697,2.487964082,2.733634131,1.737458884,1.4877636,1.745467298,4.401026385,4.332921704,3.963819102,1.464612351,1.029084159,1.401725664
2.839965286,2.273499579,3.134502414,1.277438785,1.223260971,1.603703692,3.798158178,3.488026505,3.444013403,1.221101148,1.132215467,1.047887949,2.812334006,2.174245517,2.476066084,1.421010223,1.607160082,1.677452086
4.511798623,3.666729261,3.87914617,1.624650416,2.186003717,1.601328716,3.338092931,3.413524834,3.494824321,1.393245345,1.593167633,1.131876078,3.076160311,3.159323988,3.217942335,1.204056532,1.426322423,1.51160746
3.606282893,3.518971673,3.936170626,1.84460905,1.16334237,1.405041844,2.910005525,3.244638847,3.558861533,1.483242272,1.358134787,1.270712023,3.663816254,2.254433597,3.092164459,0.967323437,1.412464111,1.386946977
4.139766364,4.033036712,4.30022698,1.694495774,1.790197357,1.594854849,3.609066099,3.17159608,3.264087007,1.348316918,0.930650259,1.405310516,2.26769913,2.4844636,2.232561001,1.763240734,1.531868138,1.363928115
2.567066678,2.302327032,3.140390724,2.287163819,1.288144445,1.736009992,2.964489074,2.380827258,2.705973327,1.946277057,1.749960618,1.850778308,3.177049077,2.488753821,2.287326587,1.525875055,1.369632283,1.341166075
4.213267882,3.605892865,3.194698595,1.64557202,1.678539964,1.031427571,2.767532077,2.263516864,2.736532778,1.498939189,1.533161182,1.501682654,3.018262105,2.385928019,3.018519155,2.398479538,1.815598664,2.067372719
2.802230513,2.510568833,2.876814589,0.783790607,1.386054659,1.670572223,2.417205036,1.779057491,2.314603022,1.132867097,1.471916354,1.215387679,2.384731832,1.986591932,2.280216301,1.739318113,1.289523616,1.821903681
4.273914763,3.753911403,3.244353264,1.585803243,1.337401295,1.531724071,3.340874376,3.259303494,3.638582584,1.980553966,1.53116595,1.653802662,3.621558309,3.623708757,3.630811578,2.155412799,1.879647783,1.813902328
3.035259743,3.319743542,3.181940539,2.6597173,2.862319871,2.216565103,2.818006215,2.864151493,3.116334546,2.340951714,2.496979519,2.297686558,2.989931038,2.624329449,3.293228365,2.024824555,1.601030369,1.787824747
3.076129305,3.475513872,2.840378904,2.75690025,2.168117365,2.29552406,3.381302325,2.995848865,3.26631319,1.762172459,1.699010118,1.534247095,3.295559927,3.75638795,3.401415234,1.367262517,1.769439182,1.415026259
2.555281168,2.668323051,2.292917819,1.704119899,1.261464346,1.531303186,2.988924183,2.8221161,2.412704577,1.010584425,1.235255638,1.262641535,2.335962839,2.092889398,2.218985335,2.743503934,1.707543824,2.157854364
4.265720884,4.437070445,4.150506872,1.374585856,1.60586109,1.433980841,4.42097009,4.460284298,4.736332302,1.285534648,1.382122474,1.254323899,4.013123703,3.201879819,3.764721949,0.669976078,1.175771283,0.574879383
2.740555332,3.686861508,2.979619877,1.926947564,1.787542273,1.915269854,3.558868601,3.492313546,3.804550995,1.833641916,1.658690981,1.656476952,3.85592675,4.322865783,3.365104887,1.581046134,0.958172451,1.434490136
2.644868348,3.725513692,3.401237217,2.369059833,1.206621544,2.047635784,4.089999252,2.928959846,3.325033883,1.172316759,1.195494195,0.80726869,3.31850467,2.854745431,2.830859127,1.474265651,1.656835256,1.849955185
3.607206871,3.462788236,3.683486627,1.398129082,1.671387369,1.186297018,3.366059424,3.535305051,3.870039939,1.269983302,1.080102843,1.2863073,3.538327916,3.786442391,3.693853483,1.197236755,0.764982831,0.559077274
2.432205506,2.067930026,3.494981847,1.784743222,1.794695075,1.962100605,4.097490375,3.416401122,3.53047331,0.939130909,1.225921963,1.141591244,4.276413545,3.090542663,3.6574457,1.992474942,1.522507581,1.488445107
4.169045182,3.249224574,3.936647565,1.104280061,1.105341453,1.010388614,3.065984611,3.92572216,3.48999881,1.199813371,0.817532538,0.597129677,3.212223804,2.965190123,2.946513648,1.034551387,1.177373145,1.445197185
3.241206805,2.776200266,3.250621343,2.835555368,1.989872553,2.368360054,4.254726505,3.931160783,4.766003745,0.690029056,0.962118161,1.107209908,3.700425747,3.6691013,4.152911519,1.774882394,1.416988766,1.633928793
3.569242433,2.724947422,3.540132132,1.97767709,1.553429818,1.354811185,3.303068175,2.79416846,3.691494171,1.066794636,1.517553614,1.454719892,3.062360752,2.126731464,3.319689521,1.430553736,0.830220919,1.069151554
3.089310247,3.004111776,3.402897139,1.506166126,1.103720985,1.687835754,4.150858466,3.301280468,3.678003667,0.64467267,0.636995118,0.321558809,3.044809821,2.57686918,3.14735635,1.107650749,0.939760698,0.686076483
4.130229825,4.06179399,4.267199481,1.952007152,1.069443726,1.308153823,3.214940898,3.118356247,3.288227543,1.940800034,1.707603974,1.625844934,3.298482012,3.652186042,2.870374854,1.346312185,1.195351826,1.336747248
3.536834804,3.286565717,4.111004903,1.695908375,0.922209287,1.087573199,3.042378447,2.893135785,3.414971875,1.277816556,0.949297039,1.454540408,4.228159806,3.945546651,4.176434221,1.204419696,1.337780515,1.256175438
2.884122523,2.889824347,2.882088082,2.052958563,2.016185337,2.039857551,3.542976872,2.959947928,2.439177541,1.5389102,1.424282374,1.275046378,2.408727757,2.401443868,1.629471964,1.58227645,1.619470801,2.020794267
2.150457181,2.667982942,2.275131479,1.523853571,1.31907436,2.070175048,2.228241197,1.583015606,2.398790625,1.439118635,1.245099506,1.538043054,2.898496376,2.393332402,2.96904494,1.502065509,1.179287177,1.478632169
2.642769855,2.085979451,2.704349286,1.673169811,1.649226948,1.265470795,4.907266972,4.270516721,4.702283584,1.327238624,0.632821829,0.649650467,4.262569873,4.100283752,3.839743266,1.092045168,1.771897797,1.671102162
3.07558941,3.105235618,2.787923905,1.423225429,1.451886549,1.221212509,2.960312586,2.668332261,2.524133574,1.339525075,1.651364452,1.129480775,2.266354386,1.994963074,2.120064117,1.862320494,1.82756856,1.355024909
2.83930709,2.672421654,2.909704979,1.342473018,1.58677656,1.075757368,3.030887579,3.200612073,3.331302706,1.426487318,1.203237989,1.385228635,2.995266645,1.957626534,2.598878556,2.401911429,2.446554728,2.638490096
2.500190703,3.068404299,2.468275097,1.381862615,1.56838733,2.00713386,2.08068738,1.819510689,1.841433133,2.112140045,1.784551563,1.707116042,2.660247038,2.599483589,2.661965612,2.508415714,2.164886216,1.918138787
2.26817714,2.821444333,2.767080302,1.043958327,1.645921709,1.333952898,3.403737949,3.788971023,3.326626115,1.37371661,1.520060121,1.327116911,2.22688067,2.046656301,2.536070379,1.291559644,1.406913146,1.48757816
3.503460294,4.1746301,3.636501467,2.337625938,1.513204573,1.777693989,4.025309228,4.384189257,3.966993155,1.268183629,0.996431998,1.233844786,3.39699911,3.0198543,3.370378298,1.187713266,1.637618063,1.853979781
3.163888728,3.749725079,3.489051588,2.167354317,2.269545184,2.180867855,3.1209768,3.12306168,3.35430718,1.38041668,1.314126261,1.493454326,3.506874995,3.041533547,3.456527792,1.979921523,2.067103268,1.901174419
3.021818127,2.510925692,3.450628104,1.235820391,0.974351682,1.336030679,3.276141747,3.078379139,3.791656376,0.771678823,0.794340901,0.803743479,3.371245203,2.899840414,3.121725069,0.96135837,1.399795455,1.487539843
3.649106606,2.846578242,3.196431893,1.033924823,0.953310593,0.933407759,3.302358707,3.602857366,3.682825743,1.422528553,1.077871322,1.415662576,3.158715445,2.820429625,3.176178397,0.929640146,0.875842718,1.168639828
3.370762629,2.521019018,2.899276184,1.854838293,2.409227011,1.840888689,2.888142804,2.591640363,3.007962752,1.260067964,1.592386142,1.249902248,3.138547195,3.128953748,2.894015029,0.481802448,0.928251994,0.726464087
3.630258151,3.918898357,4.045103278,0.94290519,0.751511043,0.290829272,3.636619482,2.712693329,3.824649862,1.141618044,1.199873477,1.089790102,3.597949798,3.646850831,3.586787767,1.923773377,1.154986094,1.32319021
3.466838316,3.406373365,2.319890386,1.240170916,1.75173029,1.144781076,3.513494953,3.024728604,3.084070538,0.832520095,1.229051074,1.020820727,3.773810715,3.320729938,3.232277951,1.247002544,1.187067483,1.260843308
2.451826069,2.795582042,2.639203442,1.6730937,1.462262622,1.305582747,3.273786976,3.209344697,3.417118372,1.113161328,0.884105493,0.739052894,2.966900321,3.251309534,3.642450677,2.188090724,1.416574768,1.604827933
4.112980689,4.603139082,4.688543809,0.543456886,0.679589992,0.471566386,3.124927125,3.110220933,2.878119866,1.698501703,1.845685183,1.50542544,3.133570717,3.055695303,3.516006145,1.144065007,1.189028172,0.972299518
3.975552939,4.045224186,4.120117576,1.081569065,1.542017153,0.830144649,3.950585866,3.998418179,4.13433619,0.732377743,0.675204228,0.53085042,3.257495539,2.942183534,2.547885732,0.96490615,0.693115027,0.314468559
2.516240479,2.732322227,2.29345487,0.759856579,1.428087725,1.433002987,2.329556053,2.086387727,2.873481743,1.885876464,1.447065757,1.519247548,1.485441495,1.053636999,1.878616667,1.6470875,1.306116305,1.537451617
2.377432159,2.308757892,3.059425331,3.13845291,2.389897442,2.382343837,3.109878406,4.046789379,3.237308185,1.54817238,2.041983588,1.818376734,3.93198096,4.29207748,3.576583069,1.343159463,1.568333748,1.259042265
2.932018618,3.450887942,3.129026112,1.180393119,0.803581755,0.866228925,4.642298278,4.373332563,4.190364451,1.167426507,0.979638609,1.34288864,3.401846694,2.16895475,2.368102521,1.596268158,0.684303859,1.408819598
3.099111515,3.162449381,3.120544995,1.323812932,1.886220746,1.356338161,3.1118383,2.38324114,3.011556311,1.264932241,1.464196277,1.350449997,3.165640349,2.74466474,2.386951677,1.658668102,1.664968161,1.858688239
1.697086653,1.565822758,1.560789476,1.769813401,1.794788016,1.972278839,3.60770212,2.638370037,3.174529563,1.150339026,0.81951601,1.075363699,3.046433013,2.564319863,3.196022237,0.764604436,0.839204561,0.906098357
2.003011399,2.053902009,2.090676877,2.320771611,2.480486572,2.373992097,2.708372683,2.167611071,2.17027473,1.370984607,1.735766898,1.744533068,3.414144868,2.968497443,3.579926496,1.178758737,1.228847738,1.163414651
2.815892157,2.443026369,3.024553396,2.03648508,1.915923582,2.126358629,2.643119925,1.863033246,2.609802045,1.631741167,1.427217085,1.483083628,2.289159139,2.629658296,2.970525956,2.017723957,1.506599676,1.621261553
3.217490294,2.513799774,3.125435297,-0.198047958,0.240501578,-0.215198996,3.117136769,3.759359006,3.885381617,1.251588875,0.784470802,0.695589303,3.059955812,2.994138198,3.016104281,1.201347514,0.836758355,0.685392048
3.166641379,2.706724957,3.528516749,0.690347969,0.704092715,1.008928125,4.030436897,3.791845487,4.314294396,1.175647617,0.178370406,0.523096845,3.197077472,3.1287281,3.448212309,0.972935551,0.93102343,0.853768564
3.561054662,2.905545293,3.494510883,1.719971297,1.761029176,1.44002489,3.411106123,3.814713384,3.729683059,1.624971923,1.45170586,1.367792682,3.291558365,3.81776179,3.482830158,0.877859179,0.901428269,0.666819439
3.038147247,2.868098483,2.803142608,2.191013033,1.781038548,2.48317008,2.920664063,2.241994238,2.827626772,1.681082338,1.313498634,1.793120511,3.411694319,3.2924482,3.174392282,1.010976417,0.874497789,1.156059199
2.99687103,3.881290658,3.418117414,1.487383007,1.449797627,1.60687033,2.925271499,3.455939416,3.29463246,1.339335552,1.639090927,1.480077316,3.550124826,2.88559015,3.427000454,2.22243954,1.537004369,1.789640045
3.058080943,3.437962644,3.303299931,1.448297728,1.701588999,1.408481244,3.444287143,3.599634722,3.635506192,1.348164946,0.870114354,1.091771784,2.66706522,2.902623991,2.748968172,1.219164725,1.289415454,1.199376981
3.796234346,3.173635885,3.926908723,1.628384001,1.531852537,1.461167947,2.595903181,2.113491593,2.970681079,1.802050891,1.952255697,1.786288443,4.064720228,3.249457594,3.756404833,1.477947802,1.734820432,1.586036573
3.112046178,2.399618747,3.266317801,1.820616622,2.366028404,1.177314756,3.006439593,3.260472509,3.346898173,1.30638904,1.566365185,1.499076834,2.191589273,2.587307405,2.398330519,1.557829283,1.046815526,1.225593997
2.646541368,2.770641372,2.840434151,1.000370636,1.160626425,0.637496012,3.203130855,2.203746444,2.760400159,1.356041089,1.199338262,1.482425209,2.275225421,2.061499148,2.350963178,1.554239877,1.570403561,1.453096597
3.395236298,3.135820449,3.94479991,0.573702605,0.869832889,0.435151652,2.566143712,3.61761978,3.643633494,1.142414446,1.176947318,1.25571148,3.628734972,3.372419323,3.325411667,1.201449213,1.019970744,1.233624234
3.557777917,3.414688259,3.24965095,2.142798661,1.662341513,1.979925702,2.944727563,3.555932905,3.312528559,1.862857594,1.780238678,1.704708003,3.690194819,3.103523186,3.254939542,0.716168286,0.86243488,0.86221003
3.022951987,2.53616813,3.311848554,1.526109257,1.755125758,1.291182419,3.099236237,2.736938241,2.903271355,0.917743401,0.981931622,0.850961049,3.64471887,2.907023543,3.467669262,2.212608501,1.604081891,1.453623343
2.498097228,2.338760046,2.744093249,0.041412385,0.020687407,-0.560623159,2.263704512,1.987188826,1.879398526,1.296708429,1.571825498,1.359149928,2.988423476,1.749253572,2.961925034,1.234169842,1.086037394,0.896459409
3.250869093,2.827954068,4.061628706,2.072296226,0.889721111,1.179845533,3.502991852,3.427679447,2.60939458,0.738207354,0.564658721,0.875301433,3.017399102,3.693821753,3.125828296,1.18411666,0.662555426,1.323265578
3.588658144,3.387040869,4.126715532,0.696374673,1.1692619,0.698975725,4.343502943,4.068922285,4.172937527,0.868971495,0.668384655,0.802008192,3.490409549,2.854213082,3.389772443,0.622871833,0.575412065,0.666578765
1.963523483,2.250306864,2.748340271,1.913519342,1.956803103,2.205505968,2.275410441,2.531081309,2.31194535,1.34995185,1.422787094,1.490390477,2.792951271,2.852202231,2.766658264,1.751890278,1.301417406,1.269339498
3.740772799,3.044260938,3.317590204,2.125887566,2.170519882,2.168824371,4.134776851,4.132149043,4.252455177,1.495361091,1.927780596,1.903476971,4.000201496,3.920508553,3.693842591,1.311006829,1.430649964,0.894213959
2.509730431,3.323843407,3.985184391,1.24283819,0.417555336,0.933571262,3.246825171,4.002240118,3.767635857,0.987066246,0.988573808,1.273477437,2.374971492,2.381375747,3.247912636,1.222813315,1.035452449,0.997502435
3.729163861,2.819661853,3.415753864,2.433953068,2.441541067,2.228497453,3.160814062,3.447958692,3.029575681,2.452559711,1.640096827,1.600849984,3.548850957,3.193486454,3.439370958,1.385444534,1.05293379,0.780415575
2.874141298,2.12507018,2.726883009,1.443221598,1.246206185,1.939590135,2.724558838,2.595973721,2.426656302,2.196099736,1.225571217,1.784260681,2.530346657,2.001873254,2.16625046,1.632102054,1.353198227,1.438168939
3.60557316,3.618483124,4.986949968,0.86898012,0.702381631,0.613228752,4.389213518,4.28270017,4.559838264,1.457022506,0.983524998,0.919291279,4.218680255,4.244124862,4.432856605,1.12116982,0.668031674,0.585663258
1.364588012,0.415170007,1.477197038,1.286044236,1.355666948,1.607076848,1.527613074,1.508996515,1.522541564,1.303997957,1.210343489,1.48913402,2.282120623,1.790984386,1.86918979,0.641213066,0.702874173,0.810303653
2.256886697,2.311191644,2.617956549,2.313464907,1.797432948,2.004449461,3.270416796,3.218273919,3.458564952,1.419200929,0.89916708,1.317992368,3.017806597,3.326021217,2.913084653,1.588570168,1.329162102,1.613339918
3.860147153,3.722766096,3.937481058,2.167979149,0.937072225,1.438586007,3.661290054,3.497568296,4.056654757,1.622461302,1.303231767,0.923133068,4.711877078,4.733030148,4.045378686,2.082093113,1.545251614,1.743837843
2.984432257,1.975980873,3.417194104,2.838414405,2.626248136,2.715015158,3.587577365,3.44648582,3.034008169,1.471173691,1.574241346,1.588666727,3.056642031,3.616772133,3.587791409,1.374569023,1.366835386,1.305830144
2.814182746,3.226991535,3.270633341,2.331071452,1.60797017,2.471686295,3.079970295,3.247298188,3.451604078,1.474550366,1.146100202,1.101335697,3.02758479,3.331968849,3.572491888,1.353956624,1.245151919,1.196809685
4.162154252,4.327114246,4.089397544,1.101041175,1.643539171,1.323240827,4.076784961,4.35625401,3.978198892,0.976223646,0.986737443,0.983025828,4.085349418,3.91785804,3.455189571,0.956860267,1.409810295,1.585841166
3.039712424,2.991452096,3.129501495,1.100522117,0.785228328,0.743895153,2.80150093,2.889916323,2.701534419,0.811299004,0.224620809,0.547387092,2.806779345,2.80622945,2.261133023,0.583342592,0.800838622,1.428956529
3.887147201,4.173034984,3.962601104,2.211248996,1.949711922,2.108472982,3.933308534,3.070450987,3.866088164,0.892011123,0.681804868,0.528670977,3.67499288,3.418187826,3.524392086,1.686822659,1.309245787,1.152319844
4.098971817,3.200024916,3.393882239,2.408279254,2.010066517,2.204975736,2.630358358,2.64065823,2.987835338,1.260998906,1.148499833,0.967140769,3.206971194,2.72401632,3.186187653,1.186926174,1.467147862,1.47868436
3.392748515,2.202351441,2.993858384,1.535943497,1.335586287,1.630441871,4.652372664,4.73164437,4.16267182,1.560846149,1.580665227,1.391791903,3.566646141,3.066969101,3.313266285,1.784509183,1.423149468,1.096450907
2.949411544,3.164862073,3.283351268,1.603095851,1.655202429,1.532724788,2.960349366,2.915782839,2.81381582,0.816918919,1.080999269,1.089864599,2.266585418,1.974489179,1.951654313,1.564497383,1.158649039,1.308622238
3.158642282,3.529371791,3.404738569,1.588703774,1.415585005,1.191714932,3.255634925,2.878455051,3.437590293,1.986163863,1.713429101,1.749738753,3.083925353,1.883754461,2.894774255,1.797648193,1.460040563,1.362364821
2.256011517,2.804250903,2.836169859,0.944907577,1.238180929,1.350566341,2.726388515,2.858228188,2.268251982,1.009485392,1.262980458,1.141119279,3.185098088,3.234216384,3.520589808,1.698743779,1.198999976,1.473057476
3.827126574,3.086437784,3.886152206,1.506738329,0.632159008,1.272457812,4.372720958,3.321943192,3.993861788,1.241677388,1.130094905,1.087147592,4.309001018,3.486597797,3.783461902,1.176880718,1.159485136,1.083942638
2.615010343,3.20448068,2.856161003,1.111544243,0.922493352,0.322205602,3.308023245,3.470265257,3.110567564,0.864462846,0.741872576,0.941871508,3.695506863,2.887544784,3.17542716,0.886118189,0.415326078,0.849383347
3.230374556,3.01928532,3.100271287,2.123057617,0.903359844,1.337986609,4.131525631,4.261742076,3.927020517,1.7719868,1.136540584,1.537295875,4.022358747,3.449503265,3.906758471,1.511571742,1.495827562,1.518833706
3.518338264,3.491320504,3.628836193,0.583480051,1.036171418,0.862967611,3.853110746,3.560711958,3.362089561,1.734798743,1.411830484,1.296447709,3.251573748,3.116955097,3.058958068,1.374274075,1.039022966,1.259522628
2.075279707,1.899857894,2.047576707,1.571929056,1.162044003,1.33124371,2.026874036,2.212157395,2.433002934,1.673231741,1.53359742,1.395044847,2.654964886,2.298601647,2.759450305,1.325521308,1.600343555,2.063085201
1.761158339,1.854595267,1.718820704,2.2214789,1.764450132,2.386554954,3.233438568,3.201435963,2.751614509,1.614945637,1.757830702,1.793732193,2.324804061,2.966002724,2.898903308,1.274376677,1.305380749,0.993721716
2.775793457,3.220151854,2.803808165,2.275101691,2.091458973,2.382660775,2.511721185,3.112663936,2.888367374,2.106824813,2.342894794,1.91343493,3.382279931,3.273733582,3.41395926,1.76806561,1.597514195,1.440891633
3.345357107,3.08726811,2.967826379,1.743912327,1.620899464,1.678507631,2.955173982,3.281695759,3.066098805,1.278030844,1.556175358,1.478177352,2.52031916,2.584717478,2.340064212,2.214232009,1.903682146,1.979164411
2.590670655,2.457707183,3.010554838,1.564063421,1.208907056,1.642287836,3.089997327,3.175500634,3.461234696,1.730143668,2.001836051,2.17998151,2.761191209,2.61032252,3.325509332,1.967208855,1.67549867,1.653270216
1.928816069,1.405498784,2.20515732,2.162160867,2.234751474,1.56664738,1.635212015,1.092861896,0.736898899,2.325403261,2.234337226,2.124097194,2.994252608,1.685816084,2.716278606,2.350377668,2.0210379,1.558108429
1.893854991,2.461122713,1.838146822,1.284742752,1.833418077,1.695461965,2.745420542,2.342223269,2.854322199,1.802517373,1.829386862,1.90990461,3.603407299,3.313108398,3.382796469,1.486868272,1.764475985,1.792497723
2.996947025,3.184118658,3.102269901,1.496873728,1.747078126,1.749693752,2.840154103,3.189812171,3.32947858,1.438567793,1.021960025,0.930462658,3.632216719,3.343548744,3.121638798,1.425997691,1.176867019,1.5333659
3.445206311,3.651180882,2.840920896,1.727595841,2.063249384,1.423545084,3.418096948,3.882680497,3.691249284,1.177722318,1.182736998,1.138568358,3.624938362,2.835783358,2.991882842,1.255619071,1.182507413,1.318667764
3.596917135,3.668756926,3.841652901,1.894428505,1.869515048,1.443097885,4.32485516,4.293318181,3.511572784,0.964323614,1.125398123,1.036651973,3.534988838,3.781078746,3.20042038,1.679230445,1.728684554,1.469170671
3.223401714,3.631118349,3.851448995,1.582339843,1.485945383,1.473156866,2.651117757,2.788664275,3.026056608,1.754851247,1.502920157,1.858951997,3.347469089,3.247483734,2.983633655,1.919372496,1.901002153,1.617797763
1.723110804,1.83105609,2.557146239,1.299848646,1.871119745,1.968129282,2.658432713,2.388455419,2.863951447,2.157349968,2.097674052,1.907788095,2.941338612,3.56417706,3.843660174,1.900110619,1.716883938,1.407845686
4.764810729,4.59098151,4.921048883,1.226773776,1.089542402,1.12188702,4.458586485,4.52003687,4.85418357,0.66373397,0.908721004,1.135037998,3.806221453,4.023685338,4.429716009,1.703886019,1.258998797,1.571464406
1.859114681,2.860211214,2.318309744,1.954003536,1.459839664,0.76191102,2.391426225,2.779503897,2.804108241,1.34976791,1.104580305,1.2335147,3.300857029,2.871153035,3.266771994,1.089338669,0.781213299,0.598229364
2.676568716,2.919387624,2.600471827,1.907995281,1.374725885,1.924721009,3.102762477,3.34521614,3.094568587,1.143203243,1.163773183,1.109628567,2.275958811,2.686856836,2.457165169,1.696567014,1.329786282,1.557371203
4.137593755,4.279557146,3.822640735,2.079665046,0.944183916,1.465147504,3.594031238,3.312969933,3.636266305,1.479331129,1.487391949,1.554696685,3.720595615,3.562652228,3.767711971,1.211314187,0.973351397,0.83103112
2.685943041,1.907527966,2.71446634,2.004066007,1.660432229,1.988916484,2.367114383,2.205824305,2.546969039,2.400588663,1.810267854,1.530480026,2.91780457,2.896994359,3.002657425,1.851517548,1.813386231,2.184112515
3.063674043,2.744142275,3.130835346,1.566482027,1.3857677,1.655544818,2.509338733,1.927207059,1.948652576,1.572462263,1.692967683,1.25562223,3.388489112,3.306772111,4.13084337,1.736189597,1.558778311,1.662348075
3.180144227,2.241950317,2.448239362,2.368971649,1.84764953,1.510186905,3.584818319,3.698947956,3.379175588,1.976610744,1.866974249,1.925010132,3.420766445,3.17321168,3.176672728,0.500035604,1.017002702,1.056203227
3.46619232,3.210136105,2.636038829,0.73139896,0.869099457,0.458822995,3.554711661,4.022636533,4.237033893,0.444265437,0.580231551,0.935147349,3.827883114,3.621087674,4.12143593,0.662224605,0.901832419,1.002062346
3.323293795,2.828697325,3.470376767,1.61972146,1.525834762,1.394814283,2.377438902,1.926126712,2.24496387,1.863621387,1.686196392,1.516071601,2.19236272,1.915436773,2.177520797,1.481792192,1.257962993,1.365152366
2.971553279,3.117091779,2.827030964,1.319693871,1.563697394,1.071391268,3.083267268,3.32446927,2.58436897,2.16673516,1.744553076,1.839001967,3.67913873,3.354462649,3.682749504,0.814308824,0.928542155,1.265261815
3.863137376,3.026813612,3.483180268,0.695689928,0.473874164,1.559068698,3.702260645,4.010351927,3.674414356,0.935625657,0.934644388,0.762935017,3.753628769,2.767778944,3.764665166,1.091399616,0.658825154,0.685932854
3.157983809,3.862198761,3.779250283,0.935520642,0.506975083,0.109715,3.530317852,3.955136495,3.813976805,0.624052733,0.962237581,0.54877536,3.899581328,3.781643706,3.595417492,1.186451819,1.11340858,1.226453159
3.533142137,2.854109562,2.53164925,0.846854197,1.185453001,1.117651036,3.28310463,2.348414868,3.179454169,1.354311518,1.329234075,0.881120664,4.003905869,3.756451284,4.004764552,1.368769088,0.925335428,1.197025344
4.093276335,4.340419729,4.080954994,-0.009977687,0.898391758,0.259775323,3.906688554,3.941668122,3.653497521,1.385655322,1.363649334,1.352569142,3.268814333,2.923938338,3.320004339,1.322701848,1.159156577,0.983861239
3.481240804,3.356226742,3.316530271,1.32700796,1.025737374,1.625557335,3.486340727,3.19404115,3.809841224,0.600121745,0.995445099,0.623805627,3.62532024,3.119773187,3.567976847,0.8582766,0.818299169,0.987806765
3.488068033,1.894752482,3.011634209,0.804833807,1.11894881,1.222118905,2.833963698,2.304778043,3.178528097,0.241653589,0.533068554,0.478672972,3.46663822,3.134927672,4.168989875,0.690968947,0.565421248,0.345763083
3.579831123,3.827893652,3.946442417,1.176115173,0.601646053,0.995853702,3.213805231,2.890949795,3.801102577,1.262447241,0.945931834,1.061034113,3.453537639,2.945100383,2.890933146,1.428771151,1.667138249,1.638513707
3.60208049,3.912050944,3.459689274,1.127700265,0.924654812,0.768584094,3.360437283,3.341999236,3.256789455,1.237437532,0.837484795,0.766537494,2.617303362,2.79312108,3.411482805,1.293117652,0.865711628,1.090131733
2.272583557,2.166435633,3.003386442,2.687514727,1.875125826,1.807736973,3.676766332,3.590997546,3.963692975,1.678474259,1.511699305,1.729594145,3.075230208,2.853132682,3.466861628,2.143542174,1.034991579,1.863295124
2.949300517,2.491656964,3.097594717,1.993767792,1.555338689,2.035391218,3.872107938,3.963319091,3.838591128,0.897042766,1.382664596,1.189649358,3.386370755,2.345716082,3.41487226,1.826914484,1.790252456,1.881921988
2.383321787,3.026313059,3.276661337,2.269073214,1.151180512,1.990013676,3.453482434,4.515881057,4.369500485,1.063968797,0.967706929,1.558565982,3.84781361,3.843498955,3.602204016,1.363547744,1.278695107,1.131737943
2.654459821,3.111412792,2.917520263,2.34180004,1.587858532,1.800742295,2.934714399,3.33313698,3.004091451,1.591204714,1.580941142,1.27011118,3.868931108,3.166920434,3.216132963,0.964965333,0.87359037,1.036960146
3.72323377,3.569561402,4.199882893,1.552712662,1.178835931,1.18692457,3.036293092,2.687930636,3.569652519,1.282246964,1.13305369,1.322153488,2.66210787,2.561910878,2.364189732,1.48820617,1.308629652,1.174740798
3.617814086,3.259551867,3.904910616,1.265269377,1.054018237,1.326030283,4.50427016,4.527746064,4.196028973,0.637564715,0.313227783,0.526984109,3.578761075,3.724087449,3.424880443,0.963688618,0.586833014,1.010782816
2.389506261,3.09839037,2.445541067,0.985911083,1.267613325,0.936838592,2.894557749,3.0842941,2.95900455,1.692153172,1.348360438,1.40770791,2.673802683,2.530136857,2.369704522,2.266124168,2.012046287,1.475474201
4.313919001,3.056877855,4.062219016,0.928293989,1.151045355,0.997503509,3.48722225,3.469073488,3.643138208,1.212543691,0.995903506,1.189921579,2.95962175,2.651335563,2.484368546,1.498365305,1.009387362,1.134156872
1.965423227,2.171159876,2.8317876,1.526609492,2.388243056,1.977608257,1.708763405,1.906297408,2.819870357,1.976685768,1.938575531,1.727217725,3.431236623,2.769196369,2.987275623,1.228078994,1.781400389,1.903911778
2.968447669,2.277550522,2.935411601,0.969125076,1.100802794,1.157641818,2.470583749,3.122831894,3.13332593,1.680763486,1.493777633,1.538145159,3.11737517,2.805869142,2.81772438,0.492305564,0.681861773,0.808250208
3.061555389,3.412417696,2.863666939,2.405541769,2.495590788,2.032972773,2.754246871,2.921761613,3.095880596,1.742140987,1.775991553,1.429849295,3.405832315,2.830923157,3.453385629,1.816114296,2.071748603,1.860815616
2.315808417,2.128427337,2.159663631,1.913364445,1.511047367,1.730066992,3.482639795,4.012857529,3.788014777,1.789142319,1.395260229,1.385222056,3.181501713,3.326799898,3.73077027,1.249007391,0.671148345,1.03484973
3.583561342,3.775320492,4.068630491,0.480592438,1.066124658,0.868095476,2.960488109,2.614988737,3.038181859,1.710856193,1.388295748,1.417817978,3.235312383,3.281506666,3.482433665,1.58680737,1.117571544,1.372009349
3.865988088,4.242289206,3.960447185,0.705207449,0.776838424,0.807696893,3.037640768,3.724220919,2.867257968,1.265147682,1.198695937,1.296786983,3.641959927,3.516073901,3.411183342,1.132376989,1.231853957,0.758937655
3.229553699,2.694488396,3.720840414,1.133661146,1.317654848,1.340379271,2.68642915,2.576811824,2.67627055,1.537688236,1.48821759,1.870945296,2.684691642,2.292563447,2.286807612,1.006833004,0.979802831,0.736629466
2.7906274,3.047648981,3.205923894,1.422086439,1.297098402,0.415718388,3.184627889,2.703457528,2.973272556,0.730914047,1.168559027,1.158133533,2.343685709,3.088486808,2.324721123,1.557964499,1.201574803,1.501492741
2.969391039,2.820460137,3.273835858,1.533679997,1.610671333,1.449397521,2.861807834,2.658146861,2.746411149,1.919601579,1.442119949,1.680748079,3.786363232,3.284568933,3.638757594,1.355112224,1.015051412,0.723316011
5.804001033,6.197018783,6.047663884,0.50345096,0.115312168,0.238514224,3.500172321,2.983691935,3.446986022,1.728049246,1.301791692,1.156274128,4.437000293,4.287221956,4.17008699,1.160073737,0.604400984,1.053482568
3.952824081,4.12521507,3.494762992,0.984529272,0.924353905,0.897839037,2.807019759,2.860447536,3.193249392,1.187054844,1.161425318,0.834362667,3.939904896,3.473742487,3.818441427,1.036067634,1.072584507,0.704650129
2.857408386,3.124046252,2.464229549,2.385727822,1.305409113,1.965191643,2.742844298,2.184916435,2.695955073,1.950694455,1.744604986,1.849780679,2.10896041,1.79055382,2.010552291,1.534117605,1.539306873,1.558871656
2.705439254,1.993077071,2.263617942,2.13063648,1.524516069,2.045881244,3.117437893,3.099912462,2.606195125,1.930320803,1.624676371,1.244861728,2.916196782,2.318660119,2.319911505,2.289467974,1.975531563,2.030390883
1.92210296,1.64537844,1.894029364,2.210966391,1.931478249,1.760280659,2.620991509,2.615660422,2.126054686,2.034223206,2.182358803,2.021307977,3.129396348,3.073324245,2.539770405,1.441840275,1.133770768,1.475355022
2.01725873,1.795274662,1.877027041,1.207921385,1.040776138,0.626997744,3.020373644,2.496399629,2.71713503,0.633665982,0.560950813,0.777732482,2.765768522,2.404092305,2.482057778,1.120722595,0.79096535,0.91552532
2.628765807,2.967939568,3.111457033,0.38022089,0.354815209,0.097725917,3.415855321,3.408547391,3.902411241,0.947834536,0.897909367,1.175938159,3.250964457,2.537696045,3.001696422,1.040746745,1.494115567,1.608351039
3.471006002,3.749958354,3.671034091,1.045136365,1.076524094,0.966536318,3.351552234,3.430541923,3.340330726,1.358594188,1.569935085,1.105262594,4.02014963,4.066275856,3.475707653,1.163433861,1.070947746,0.901617049
3.90804004,3.709487032,3.473829047,1.48637971,1.751828422,1.499729428,2.951076387,3.251862464,3.298761481,2.36109936,2.070538996,1.776550127,2.752638145,2.083220276,2.557042883,2.750850929,2.047858281,2.428601486
2.240604958,1.324101103,2.533763178,1.260796187,1.66781056,1.296822833,2.87950556,3.168741936,2.966577393,1.412324386,1.331355755,1.054468143,3.001599057,2.650918639,2.890863721,1.158163777,1.531330197,1.176698509
2.328741422,2.445927943,2.359587609,1.656537544,1.493412754,1.442697807,3.008118007,2.570494717,3.011220055,1.400499993,1.179007905,1.574564215,3.613701967,2.921955006,3.60537335,1.60000873,1.444703471,1.876439432
3.291959663,3.245243908,2.769585241,1.536550658,0.928308132,1.312356832,3.024446216,2.667958051,2.861583269,1.630457698,1.363463149,1.450963874,2.841895358,2.154187703,3.332084985,1.413038356,1.611405276,1.963420892
3.920094889,3.57580448,3.200657953,1.080193686,1.395730066,1.639262248,3.771406073,2.717836937,3.151931721,1.338202902,1.302475978,1.146580872,2.741063052,2.287744767,3.028844279,1.060177576,0.847963552,1.038823845
3.566691153,3.570549964,3.514092189,2.154958541,1.682678789,2.236943357,3.036822057,2.526216959,2.567787419,2.43127316,2.506873674,2.128735957,3.351196181,3.113213033,3.58480838,2.453243933,1.570967689,1.364141137
2.86486266,2.572836317,2.980901019,1.964099723,1.351727657,1.357338643,2.548093656,2.135565328,2.435240265,1.660491461,1.870373901,1.926873039,3.738630905,3.840634044,3.752810954,0.964768401,1.319665307,1.08360583
3.273842086,2.601914591,2.069067831,1.864387061,1.708332111,1.946349737,2.753858114,3.123525389,3.605536269,1.578260211,1.434599148,0.995822299,3.779417947,2.831878156,3.086386936,2.069842982,1.470175784,1.580902481
2.519589423,2.342558025,2.877380472,0.976059736,1.190433486,1.314939317,3.215554529,2.933685636,3.013422659,1.941302217,1.969452041,1.706654706,2.78146191,2.823550255,2.75417324,1.293969935,2.136235047,1.248570454
3.273011685,2.590618942,2.70186441,2.02845607,1.725065786,1.827834019,4.725670713,4.285852807,4.298321324,0.465805036,0.60305574,0.459023533,3.134554639,2.488240895,3.176540751,1.067255555,0.893017273,0.813912505
3.002978179,2.21273343,2.755799065,1.32230431,1.08802732,1.786866165,2.634576607,1.556563744,2.012655109,1.216379055,1.87814985,1.447970086,2.595915003,2.301781444,2.851338879,1.559452464,1.781486921,1.600326072
1.631106391,1.348548322,1.374103647,2.514791269,2.288006361,2.344067379,2.287909722,2.458016496,2.757227342,1.832175932,1.748361045,1.249665009,3.151274312,2.619650891,2.448578414,1.329693255,1.281863869,1.130215547
3.108860785,3.303543922,3.136783838,2.111978695,2.062303511,2.027171255,2.082402205,1.883068889,1.67635922,2.291675809,1.598388809,1.972634448,3.00537415,2.750668527,2.734117223,1.882955717,1.089844535,1.492644513
3.06906947,3.303711024,3.621161808,1.368514847,0.916949049,1.266781835,2.479012228,2.361314591,2.754939026,1.242786074,1.262440219,1.163422637,3.710077838,3.422664735,4.631822129,0.407436385,0.275179435,0.43688862
4.39207321,3.787013662,4.276419921,1.946621296,1.292579268,1.8204765,3.271584984,3.425340271,3.214807459,1.552050676,1.727005592,1.854729896,2.674702429,2.941510606,3.715220486,1.942509756,1.248009774,1.184848556
2.328547469,2.884510926,2.20153728,1.632209169,1.434755945,2.089367351,2.527950077,2.218366651,2.80623206,1.464568171,1.875106802,1.423779975,3.05760879,3.339324881,3.412853674,1.48287564,1.203544267,1.209545441
3.061439407,2.057325142,2.651202762,1.180473862,0.969652025,1.690608324,3.305930436,2.918194697,3.291904897,1.12413831,0.912039199,0.918568707,3.252065432,3.533344061,3.490398605,1.190104681,0.692972631,1.066213854
2.869378116,3.177923781,2.316535697,0.784111736,0.821387952,1.325741105,3.283999956,3.203114558,2.840249208,1.381869323,1.134914136,1.185121349,3.475194661,3.032245273,3.084883835,0.732268508,0.979771566,1.067427649
3.771986594,3.198477788,3.302021524,1.42083829,1.616998151,1.405248503,3.369381376,3.535713097,4.121224901,0.375342341,1.050695118,0.928272932,2.635015859,2.819577263,2.838520452,1.729768545,1.203508637,1.183070185
3.264994636,2.557964964,2.972651565,1.09841308,1.269967639,0.832457724,3.281924042,2.991444766,2.850032471,1.284720687,1.440833119,1.182221371,3.67327506,3.42641022,3.495380179,1.333540742,1.559911037,1.428217172
3.671475288,3.161643891,3.987369159,1.35196945,1.58761035,0.623872301,2.867573827,2.151063821,2.813346254,1.779485239,2.06155079,1.700485149,1.842995731,2.289736766,2.348240936,2.001831319,1.37974657,1.726353545
2.013903167,2.286808704,1.501645021,2.785171398,1.997065709,2.395234096,2.291776852,1.892107574,2.063207329,2.242605793,1.919656394,1.598770425,2.22768802,1.593150975,2.361948591,1.952809574,1.194086296,1.525184076
3.244364108,2.757925945,3.222294419,1.920725817,2.173467512,2.386762474,3.318026299,3.36731485,3.280327479,1.178984615,1.167579191,1.208510051,2.830785352,3.00231532,3.504735897,1.785640577,1.766713926,1.400918296
3.317554406,3.674892892,2.79984697,1.302872774,0.754011418,1.049849259,3.355771089,3.040792685,2.912176349,1.487944601,1.360867809,1.29560303,2.754652911,2.066006603,1.942163661,1.828361525,1.402273116,1.045397821
2.421777677,2.564393052,3.245939864,1.815137593,1.61681681,1.416294988,3.277062082,2.634707328,3.495271514,0.944707018,0.568721526,1.052631106,3.120496228,3.216633227,3.484025601,1.25337463,0.976471534,1.352279801
1.528570811,1.668665911,1.883729735,2.209943153,2.380195223,2.49421544,2.852318719,2.66263808,3.136260612,1.24496193,1.342252288,0.892663695,3.489755424,3.459921239,3.104946293,1.234127721,0.713380818,0.752265218
2.013503523,2.567032339,2.277269523,2.343042214,2.294779151,2.24840875,2.262796985,2.477853684,2.409460838,1.592439432,1.723584352,1.456320959,4.29861808,3.640092469,4.106467188,2.031398019,1.947571626,1.808080226
2.371953064,2.693924532,3.523541565,1.112357967,1.129825583,1.130875101,2.598001378,2.845313051,3.191168891,0.935699503,1.181338797,1.082234674,2.094023565,1.871690299,2.109813463,1.754306987,1.417457443,1.599204166
2.950037749,3.218478153,3.014111306,0.939199682,1.265536251,0.756691699,3.084750077,3.265195661,3.29871065,1.359859497,1.463684134,1.576930607,2.874399835,2.316319451,2.470809713,1.113137802,1.179032588,1.360880955
3.964463844,4.34217075,3.837512299,2.012309785,1.224884547,1.845626081,3.336002007,4.048153491,4.391226173,1.639176195,1.253803752,1.085100465,3.8739943,3.782341816,3.81871778,0.6429484,0.618426894,0.617458698
2.933721983,2.021821951,2.444594951,2.377012704,2.294334227,1.917638904,3.07351944,3.069148025,3.107881148,1.058347956,0.808702316,0.963657201,2.786949357,2.003942459,2.497053737,1.237435076,1.391390909,0.922040195
3.120198694,3.250454389,3.067736867,1.63501911,1.602725189,1.683582098,3.14595395,2.542848405,3.020223537,1.790542158,2.063177832,1.976529999,3.705874348,3.024894719,3.378197804,1.05496842,1.029845587,0.930538812
4.457331131,4.29318787,3.962729313,1.239970152,1.187256491,0.386687812,3.697488891,3.155801326,3.792926008,1.141732445,0.940718518,1.411441688,3.012483968,2.951882194,2.960186022,1.000948467,0.955437221,0.976484732
3.629649274,2.906714346,2.988970091,1.359234443,1.079854564,1.454487446,3.787446944,3.198606726,3.410988533,0.894099484,0.423365444,0.857034794,3.618292368,3.763691158,3.840861701,1.193098741,1.410894378,1.156121683
3.576614022,2.106108283,3.061253877,1.837663485,1.570480768,1.054957993,2.385505156,2.343834286,3.000916851,1.814807647,1.586763318,1.430870048,3.386830925,2.45950556,3.286638588,1.737440529,1.060770289,1.00979464
3.451719796,3.088335944,3.498660045,0.874795786,1.543010958,0.773557731,3.647242256,4.011067578,3.849573828,1.46640638,1.637878686,1.350711302,3.156342405,3.168860077,2.69821638,1.58976832,1.593725626,1.774113969
2.95714991,3.203231946,3.541548824,2.173501457,1.515386364,2.117612152,2.924892429,2.566485959,3.076467757,1.208050471,1.038539027,0.941162155,3.266015795,2.460809157,3.066853518,0.80129841,0.529636068,1.017315152
3.681715604,2.900191201,3.758835693,1.807400716,1.571412155,1.683852274,3.742034528,4.18858399,4.166577192,1.1673327,0.977357424,1.246440955,4.150245019,3.92442146,3.936659838,1.113863514,1.469048524,1.501633521
1.511053777,1.937320613,2.09668106,1.676907729,1.736677574,1.446292864,3.696571762,3.359148746,3.598458954,1.392951006,1.073094078,1.337189296,4.082336612,3.935195951,3.940795449,1.78623312,1.734880356,1.448148957
2.859450621,2.823016255,2.838265175,2.111475017,1.302493967,1.799565811,2.855913425,2.99378747,2.383522738,1.010993487,1.609118453,0.93809523,2.487540275,2.223333434,2.284858839,1.301372214,1.685663432,1.291584103
4.60950902,4.244223888,4.860840618,2.375653417,1.975499345,1.431107497,3.665156504,3.398839116,3.790389743,1.256430605,1.365725986,1.466198538,3.451459704,3.196548324,3.965489263,1.078104922,1.317536837,1.145550168
3.375034308,3.292392434,2.644509813,0.930767866,0.960529939,0.787598657,3.209564724,3.193059662,3.502187173,1.047466828,1.422636011,1.793630788,3.422037538,3.093131409,3.796425908,1.868778724,1.413668139,1.738663035
3.287630686,3.635334479,3.580993407,1.335997596,0.863557499,1.018188646,3.358980798,3.598714877,2.954125194,1.273149188,1.049918683,1.135616589,3.434618305,3.996773467,3.562853271,1.359567751,0.997206896,1.257915712
3.098148262,3.327167217,3.102081712,0.539602126,1.353506925,0.916329694,3.942144067,3.397587385,4.045007738,1.33608817,1.477304777,1.335970574,4.66574248,4.417587786,5.014012176,0.208020267,1.006682527,0.45954747
4.925014312,4.855810816,5.175126586,1.477924194,0.675264623,1.012092621,2.656442681,3.112853726,3.372934584,1.574539567,1.983135182,1.341727955,3.162110353,3.266981123,3.52204254,1.508129867,1.529480105,1.416675485
2.576250535,2.877207007,3.234062286,1.251690429,0.759743281,0.873050263,3.191157893,2.772229039,3.232020841,1.981666073,1.390171575,1.356513129,1.986160526,2.269187821,2.128959695,1.511061933,1.061413057,1.33421834
3.212963324,3.193761626,3.136959502,2.688238299,1.144270205,1.577524091,3.668765749,3.063436025,3.266070791,1.01897697,0.916159622,0.834991154,4.200339138,3.625377098,3.977851844,1.166396637,0.994251116,0.858067307
4.48433407,3.904530158,4.364359671,0.83308596,0.563658217,0.301253798,3.634554471,3.586162838,3.27819781,1.180760789,1.033725754,0.807231678,3.730946674,3.071296682,3.712834793,0.806881939,1.127468319,0.835586011
2.923377472,2.577818422,2.986740902,1.599156863,1.077182206,1.371254456,2.994965831,2.782620446,3.021906896,1.726903797,1.636621622,1.826715115,3.411944045,3.010071946,3.174813849,1.281218909,1.504373392,1.13682669
4.260255619,3.566409165,3.927077142,0.71189295,0.697760609,0.719221683,3.248801745,3.327317998,3.630914496,0.437484357,0.883672585,1.041278434,3.957103949,3.765556406,4.275426366,0.556274093,0.146989744,0.333244623
1.898167571,2.24977485,1.348338607,2.541304291,1.62780104,2.013504968,2.48519469,2.65398944,1.929241292,2.159176739,1.933709989,1.752453725,3.007887079,2.461957972,2.729526325,1.007436667,1.376129409,1.307032887
3.118714285,2.726365393,3.503257803,0.831290231,0.347394972,0.852852123,2.640250923,2.377518008,2.25661722,1.576945146,1.283376697,1.556812374,2.953095351,3.043133923,3.220476897,1.783624877,1.225744827,1.075083347
3.943687429,3.33486528,4.446496977,1.865310888,1.335795227,1.413804604,3.880505473,3.99221119,4.513413631,1.28919598,1.3434567,1.030116857,3.373824505,3.067211249,2.064807621,1.778751811,1.777598897,2.022376611
3.443527831,3.159518333,3.54052383,1.295385362,1.032923022,0.906807285,4.369110607,3.512197071,4.354860472,1.013296789,0.818128952,0.503555366,3.508994874,4.111910488,3.95510691,0.689459904,0.91433398,0.523587337
2.693486304,2.057122709,2.838198694,1.09526273,2.069670428,1.688213967,2.530119567,2.240186442,2.396648086,1.166569885,1.711623551,1.514531255,3.236195898,2.820064175,3.118487343,1.37594235,1.572267804,1.516947727
2.80166478,1.940291532,2.879213901,1.312244163,0.9968523,1.165623826,2.717956101,2.979111182,2.989102852,1.52648822,1.707043273,1.609929338,4.067337025,3.518360148,3.916996865,1.688885764,1.452283338,1.31084812
3.669485705,3.983282864,4.011812874,0.75429745,0.928005273,0.882632454,2.443242644,2.673269159,2.439882069,1.681681159,1.10591219,1.930948625,3.400022921,3.042746326,3.1853221,1.251515247,1.256876641,1.314548328
2.409845846,3.557302308,2.975487161,2.55943695,2.222049933,2.288629269,3.25950868,3.299265753,3.324052136,1.845510251,1.453091802,1.548496812,3.680727368,3.756482411,3.952221059,1.725449107,1.61498069,1.4101841
3.628774838,3.733135818,3.764112894,2.128654681,1.540709587,1.49141845,4.082126086,4.467793761,4.200465472,1.513410431,1.085513942,0.911937278,3.482114916,4.053451728,4.207737253,1.40096879,1.19559247,1.37684206
3.816028197,3.999736324,4.180517482,1.195333421,0.846354457,1.429755745,4.323359981,4.18398648,3.921770753,1.506403707,1.639481564,1.95973724,3.126987357,3.23125421,3.362439901,1.483819554,1.47889989,1.650479831
3.788824607,3.203138026,3.600580619,1.266954224,1.232519782,0.451913212,3.377888807,3.481937711,3.573742634,1.597941521,1.644715032,1.533675712,4.311802663,4.439455125,4.220078772,1.157011314,0.890041076,0.986600019
3.201526995,2.660600602,3.201394494,2.393190723,1.678373978,2.236264831,3.444047204,3.398782336,3.472630117,1.098415671,1.087490527,1.312585895,3.001927511,3.406419215,3.159455065,1.222865393,1.461200706,1.819812064
2.736934711,2.555586655,2.84134843,1.681403556,1.667711953,1.055300776,2.163362255,1.846844344,2.447894474,1.961616142,1.754159457,1.601205916,1.925759809,2.538602311,2.424975518,1.436892721,1.864199061,1.762389542
3.022511669,3.067859572,3.043178838,1.371357483,1.607738459,1.066038033,3.068997806,1.763077682,2.263437804,1.828476517,1.879805801,1.718812435,3.560360965,3.681994426,4.279747408,1.264736765,1.712570785,1.377358183
2.45459076,2.851998157,3.102003162,1.319576159,1.293831303,1.323593829,3.128602488,2.824516476,3.07850686,1.187813829,0.91024666,1.099690992,2.996686107,1.921901831,2.539732828,0.445229624,0.776506762,0.51560718
2.875107155,3.261519325,3.164684088,2.604673217,1.63227164,2.02191918,4.292639091,3.851904591,3.764884389,1.573327953,1.61361199,1.713648254,3.501829107,3.149505115,3.489637532,1.525061261,1.040194692,1.712840069
4.07298893,4.204800061,4.014689128,1.913449567,1.928330961,1.460928846,4.301532528,4.067231169,3.981795546,1.56293523,0.857805432,0.537006223,3.744803931,4.08127986,4.207674391,1.495488449,1.47969611,1.561738258
4.280679121,4.009444687,3.93820207,1.580355865,1.975376323,1.806411595,3.553347228,3.429497213,2.658919187,1.891328348,1.748794045,1.902180348,3.916145546,3.517530436,3.328025545,2.179769897,1.781472095,1.782591849
3.11257918,2.856887311,3.217201649,1.113158163,1.114557466,1.113659624,2.757268391,2.959893095,3.443083578,1.63680922,1.655972878,1.474507399,3.134937476,2.676643175,3.195919492,1.404898252,1.662058434,1.420534268
3.29180366,3.85861913,3.333997269,1.268402873,1.720239141,1.70255882,3.388390383,2.792220521,3.474786369,1.512485558,1.964492079,1.318534141,3.081582634,3.010485368,3.359426635,1.861358839,1.617407303,1.539969778
1.445328203,1.390263446,1.639197538,2.979798289,2.253410629,2.260773873,2.827174789,3.022289549,3.003164767,1.876821098,1.903015835,1.759744678,4.204662245,3.637192558,4.008304092,1.573561775,1.304155315,0.948956595
3.001403494,2.795072586,2.598568207,1.224906688,1.600071423,1.599688107,2.557018773,1.905640894,1.953479329,0.982068114,1.423579795,1.53598602,3.662117447,3.263920709,3.147221442,0.968076988,1.156078096,1.339881742
4.708008538,4.352918094,5.215429349,1.48094576,1.521025449,1.970739165,5.412607655,5.292186097,5.46045752,0.993509971,0.610129005,0.826930889,4.128315612,3.688446567,4.254083034,2.06855377,1.489841079,1.040221569
2.877101242,3.14677858,3.319985427,1.401662154,0.663388239,1.081967462,3.362771886,3.136343268,3.473543069,1.087006227,0.87585008,0.831973884,3.401119422,2.559170387,3.408134087,1.518546857,1.802332655,1.037650282
2.978174535,3.425350823,3.663536913,1.013597129,0.673437097,0.615959917,3.4720391,3.989234078,4.281214066,0.949296212,0.77452446,0.741490065,3.274422061,3.521558421,3.790601824,0.829365587,0.636523488,0.774733909
4.041368269,4.46708141,4.435218634,0.912640514,0.315723362,0.572282933,3.917445094,3.558758388,3.900912223,1.600015443,1.277683507,1.238055295,2.932859312,3.175298403,2.849252676,1.484534058,1.489857166,1.531389092
2.076632586,2.826600559,2.692740206,1.680887236,1.646614007,1.609145198,2.283362676,2.897398421,2.374761948,1.651571867,1.754422673,2.174640835,3.042392928,3.411389575,3.547756338,0.941119976,1.155213062,0.938537522
2.740267869,2.717756643,2.77353739,1.042718286,1.327807612,1.554904766,3.016219785,2.847511448,3.084748318,1.547700617,1.771622053,1.308711782,2.982319465,2.980946698,2.996598834,1.552602861,1.525009926,1.146636412
3.04802705,2.8489012,2.994145325,2.509331073,1.997074157,2.130432169,2.922060489,2.638224553,3.185033393,2.007380208,2.104492909,2.040217909,3.348837442,2.95969473,3.450834656,1.642343183,1.094906472,1.156848017
3.98804888,4.128063402,3.705739876,1.299401872,1.557233183,0.402565583,3.693534038,3.981458115,4.186003601,1.319624476,0.99012509,0.823607965,3.191113411,3.152947271,3.016223004,0.798213479,1.100088442,0.947812902
2.294540096,2.632895116,2.520087762,2.742333424,2.984381587,2.735866126,3.468787861,2.848095242,3.19143401,2.350972805,1.457242896,1.544493406,2.316346879,1.795403708,2.658081117,2.243063052,2.339161638,1.895915117
2.637792617,2.290145238,2.476612739,0.751918129,0.344792623,0.384100913,2.50548457,2.779125012,2.765804724,1.381019147,0.954274485,1.197013486,3.202446202,2.735773368,3.449174535,0.936685523,0.879080738,0.916208231
1.996737981,2.378112668,2.321586042,2.513279692,2.616538488,1.906317485,3.732366928,2.84043451,3.448851676,1.427842713,1.467707671,1.499196289,2.992482387,2.562452679,3.028420642,1.691419394,1.241748472,1.449961963
3.328159091,3.321230918,3.981669211,-0.297471651,0.043883699,0.309705637,3.326224713,3.161486145,3.345870407,0.421092405,0.839484071,1.130266099,3.353217158,2.801705607,3.177248136,-0.018367471,0.45974444,0.569345723
3.27926127,3.26994439,3.51588038,1.767164872,1.927330532,1.678090748,2.369292195,2.836063374,2.866951156,2.122157598,1.50088391,1.706051282,3.678187912,3.247214308,3.717537033,1.606597269,1.316583341,1.416878699
2.996880185,2.929943548,3.309937989,1.36646075,1.325674082,1.135827013,3.551697259,2.784018674,3.548842518,1.271488256,0.92291729,1.230185494,3.242015603,3.57770691,4.10283124,1.846034386,1.420274138,1.648989197
3.708515609,3.648754891,3.805355644,1.163003855,1.104355331,0.639938054,3.078145919,4.357384184,3.792650118,1.130884241,1.139918127,1.223904516,3.406108767,2.996716537,3.429724447,1.591952753,1.540584693,1.05377661
3.01481399,2.766081317,3.084589042,0.764325627,0.656657778,0.983365518,3.24368391,2.904135108,3.080657699,1.235081606,0.849821356,0.950098273,3.205124801,3.012122891,3.382982198,2.063515274,1.318224203,1.930055725
2.993039077,1.631238465,2.4903318,1.279429726,0.990870856,1.60826919,3.827435915,3.648421503,3.925838923,0.642807312,0.749288307,0.599347256,3.728682437,2.849528329,3.244914088,1.173389415,0.943103566,1.171432365
4.703039851,3.672498307,4.047661993,0.563519116,0.831731247,1.097755748,3.564849928,3.630933467,3.877605087,1.528745244,0.947334705,0.784316941,4.068088038,4.303808996,4.135935609,0.658433334,0.385118407,0.82413851
3.9640805,3.463484373,3.608186237,1.790435473,1.106060934,0.741360703,2.404917814,1.888132796,1.600127732,2.024984086,1.866583701,1.612217387,3.287570986,2.219665591,2.313930756,1.5619324,1.272154873,1.066141362
3.211208856,2.811387356,2.756225099,1.555180182,2.005039011,1.704157581,2.422266727,2.547005035,2.754769396,2.032829025,1.768520287,1.840915349,2.601448801,2.750134362,3.280642528,1.923450444,1.705090089,1.378445672
2.399040296,2.788933139,2.513835212,1.504374595,1.274917596,1.932763463,2.747018889,3.216205135,3.107846231,1.410181856,1.26632494,0.981808842,3.647989393,3.476440788,3.380523288,0.658311998,0.449982073,0.514138464
3.512260889,3.262793249,3.319592474,1.1478713,1.513905807,0.910464963,4.10937149,4.052542804,4.776606276,1.363616168,0.927366007,0.872571791,3.650689499,3.795288213,3.389637859,0.875013962,1.134564385,0.866189818
4.830185894,3.991351579,4.4395205,0.404261954,0.657185023,-0.033832447,3.936669188,4.605285148,3.668288848,1.448957343,1.182099877,1.018627559,3.043910308,3.391544118,4.130263858,0.881698123,1.428672638,1.170285658
3.5763185,3.367914675,2.671556111,2.322321045,2.487923149,1.921033485,3.359484621,3.231198415,3.02132895,1.762256082,1.824738317,1.809770399,4.382091512,3.470854523,3.659113219,1.643710948,1.872283662,1.6898686
3.546495076,3.16922594,2.772807456,3.240262717,2.717043025,2.62758581,2.764045699,2.295808124,2.415100307,1.859201657,2.557802866,2.44236258,3.682447515,3.269525517,3.805517568,1.739415463,1.738013374,1.409872432
2.620203309,2.602324097,1.751257324,1.966616333,2.103301733,2.33819235,3.834016107,4.265491084,4.5213626,0.85587662,1.45420946,1.412721315,3.235231884,3.528377314,2.781646171,1.690673092,2.106117127,1.30739103
3.108669729,3.1324261,3.480514847,1.992770879,1.436051326,1.690373253,2.547391927,2.722524754,2.640995191,1.78152003,0.979683449,1.629055215,2.675409681,3.079795761,3.1338879,1.178260201,0.774619179,0.526865559
3.721587924,3.053867098,3.511232667,0.560317953,1.329768104,0.895780739,2.979561369,2.730751752,3.376912721,1.308757679,1.222725857,0.835829444,2.066509548,2.048600819,2.673777356,1.25398625,1.010705606,1.13299844
2.757300567,3.02985078,2.918352303,1.856617096,1.027955628,1.448310089,3.835270974,2.537252807,3.510816312,1.636512218,1.06679061,1.293526475,3.07703026,2.401895361,3.017797901,1.738323067,1.779746685,1.61612055
4.032973963,4.905427379,4.719029491,2.429437795,1.503489981,1.79192195,5.159314811,5.441966832,5.967560992,0.615018048,0.632057415,0.464816562,4.102023217,4.353631509,4.195691404,1.147059743,0.650961038,0.937690669
3.98922392,4.323809115,4.575568341,-0.146644542,0.135469176,-0.077728257,2.607469175,3.590912402,3.046787226,1.252532663,1.231925024,0.907741475,3.981231393,3.616576146,4.271015742,1.414227649,0.922714634,1.040913227
4.042273575,3.704439802,4.012547353,0.64124498,0.639109469,0.766443342,3.490127437,3.043379554,3.489266927,1.228273048,1.348182594,0.851610636,2.639455309,2.682334714,2.58337977,1.333183637,0.934602791,0.801954503
3.955873462,3.338735219,3.377486371,1.360444119,1.974015869,1.781445123,3.035970145,2.760011061,2.998635052,1.381801143,1.192195473,0.675389138,2.683715578,2.415603967,3.498740274,0.620721072,0.808990014,0.982773119
3.935721216,3.735778945,2.838609909,2.490340568,1.974057808,1.551855153,3.100481778,3.329923088,3.012644344,1.74884069,2.006922515,2.114069212,3.26780559,2.59878683,2.860591277,1.65307366,1.399690042,1.750634289
3.350220103,3.194485902,3.019515232,1.082138599,1.107212422,0.990673361,3.242249277,2.880828854,3.125102008,1.437724422,0.956469798,1.512346115,2.527636166,2.287060796,2.337218248,2.376833599,1.735970356,1.45704055
3.710291095,3.350239425,3.539136945,2.736375291,2.155066955,1.982820295,3.059314011,4.294521652,3.464313022,2.07903856,1.418580978,1.613177545,3.685172115,4.119302293,4.616856821,1.786541742,1.206010255,1.11015515
4.442568668,4.275703798,4.735229014,0.121401699,0.188696904,0.076272846,3.426815977,3.18038761,3.037280448,1.093042379,0.835707726,1.235214494,4.385725152,3.76282448,4.094026387,0.91355655,0.940999439,0.933214599
2.556055207,3.392640347,3.697906992,1.646752024,1.715024461,1.348885394,3.506574392,3.126701137,3.681667717,0.875825174,1.226170688,1.050693313,3.231937445,2.788247573,2.904244942,1.28810663,1.667236373,1.717877755
2.266890129,1.428454874,1.560640748,2.024262057,1.169423272,1.459399696,2.134365553,0.657535785,1.658518206,1.755996085,1.482858925,1.598659428,2.314193,2.583829105,2.122068116,1.176922248,1.092364178,1.651490417
4.404920849,4.076975582,4.456295504,1.750952065,0.87526957,1.296789703,3.069368302,3.118238622,3.341385984,1.220081713,1.402725759,1.419590681,3.918158374,4.023667844,3.626740595,1.963234985,1.793148219,1.17362053
3.379859575,3.218006427,4.063776014,1.168046945,0.253685599,0.793070278,3.513319761,3.385541732,3.223339437,1.677985253,0.939334681,1.480122894,4.225169227,3.556363868,4.180001888,1.49964059,0.442465864,0.814156135
4.72439653,4.234125986,4.095155509,0.598569721,0.693196782,0.430163427,4.331477227,4.204702013,4.732812776,0.667422327,0.824782386,0.677019593,4.028323989,3.250889758,3.666110629,1.665386485,1.690188706,1.478671753
3.066119519,2.600096461,3.027779964,1.325845347,0.857782155,1.054198014,3.871133898,3.125827679,3.863900659,0.559723649,0.72626141,0.506950654,4.183284943,3.920919047,4.126876186,0.650410857,1.275217015,1.324368645
4.830395398,4.407752591,4.643973329,1.461599531,0.807527952,1.417710428,3.021377473,2.485934417,3.02666037,1.048314821,1.108731066,0.746183459,3.377755241,2.996508445,3.081949016,2.089333711,1.519995424,1.65390854
4.333375931,4.332581937,4.211960737,1.222270039,0.974726391,1.194237829,3.808994062,3.705659772,3.714558436,0.822643607,1.171772602,1.204635987,4.553629421,3.808962119,3.94502612,0.769555457,0.890702934,0.983158303
1.695618939,1.842568911,1.309637716,1.826670408,1.890079318,1.80343175,2.943795116,2.725310343,2.884604126,1.99716021,1.852101381,1.543393683,3.060217031,2.893770404,3.220313417,1.117729547,1.139512025,1.010305006
3.466852409,2.474478703,3.17420849,1.966048711,0.886844482,1.213023419,2.601792419,3.368759391,3.574566309,2.014491542,1.381800594,1.435820791,3.698860754,3.160556741,3.697651413,1.384859878,1.458767779,1.39648031
3.629360311,3.413531898,3.743749935,0.968876969,1.387037605,1.441770038,3.308152384,3.002904758,3.59384806,1.37730569,1.439409497,1.552520035,4.415397836,3.445144149,3.89245954,2.042352762,1.343144388,1.367851002
3.906221908,3.069929041,3.029089761,1.603242631,1.763607986,1.560802576,2.510757191,2.144833994,2.479479437,1.670864665,1.718304733,1.995884748,2.990085516,3.595659129,3.128427614,1.67649052,1.550308612,1.735142536
3.907174374,3.868657227,3.896437367,1.240660603,1.183149298,1.427236694,3.063928097,3.048019377,2.588733885,1.283731189,1.092140457,1.225630809,3.79721225,4.027022644,3.519021436,1.447708422,1.584459264,1.050552089
2.548714119,2.984993104,2.772221718,2.101299561,1.664331607,1.46163657,3.011806062,3.094875037,3.278132314,1.370886173,1.340492298,1.030513154,3.138677313,2.924318233,3.319293679,1.684729251,1.2661599,1.60308796
3.206504961,2.58753724,2.990925472,1.904061973,1.513585894,1.446570244,4.191066615,3.448630537,3.609575365,1.49441122,1.316501345,1.195167637,2.918101695,2.935939404,3.3677308,1.346613113,1.4897819,1.15268
3.14304695,3.074153881,3.159952832,1.156487367,1.453810944,1.419650663,4.216331448,4.067808012,3.907447477,1.392710715,1.217662949,0.901760309,4.057145029,3.854115997,4.081079705,2.408968637,1.186086762,1.294821475
3.577351835,3.279337156,3.877802692,0.04327113,-0.008597038,0.434633012,2.524436487,2.165371662,2.501816947,1.035191353,0.815724742,0.678852425,3.003006488,2.549661368,2.821193891,1.745211593,1.64570126,2.000477627
4.107689277,3.91399509,4.378772574,1.5292479,1.01447893,1.187579443,3.22125978,2.69335886,3.820079822,0.547191491,1.060678778,0.672279134,3.832648534,3.374148175,3.460548005,1.220471114,1.004003428,0.851755537
3.363342291,2.575240526,3.587782053,1.659011702,1.291351115,1.280428143,3.33164132,2.594277266,3.702434089,1.150457205,0.778874595,0.743203837,3.282428681,3.637103895,3.173440953,1.535297185,1.1407362,1.279687811
1.720969166,0.92408437,1.139914008,1.890106088,2.12876192,2.265574008,2.057853793,1.561791774,1.733696871,1.745472656,2.251791361,2.268662371,2.216723547,2.969756351,2.249308971,2.093677413,1.849615916,1.781676584
2.354636269,2.281046431,1.985069156,1.549114807,1.13982947,1.52434933,3.535846075,3.359493917,3.641400475,1.075397396,1.037604143,0.833046238,2.533012947,2.385689892,2.600237144,1.466062914,1.086038374,1.257059854
3.667877078,2.879158556,3.76362025,1.930486938,1.490031673,1.427847802,3.848093815,3.189208533,3.566486265,1.216918775,1.014691221,1.136707522,2.946400082,2.131275849,2.847016063,1.372526276,1.352500149,1.330727875
3.050769253,2.783581876,2.044199805,1.129448711,1.277033052,1.448115948,3.186515202,2.985329976,3.303614058,0.865245747,0.669547663,0.760406697,3.0926952,3.587167687,3.139011291,0.317730752,0.899769924,0.707491305
4.209302199,4.169927646,4.111241607,0.773107116,0.362346395,1.280846211,2.881256865,2.085508387,2.440940416,1.521958741,1.03100507,1.450935317,3.142994022,2.76997162,3.714561367,1.313961915,1.087941666,0.854046265
1.72518296,1.767775647,2.517051806,2.394626716,2.092790278,2.455694405,4.121238939,3.675713815,4.042258849,1.058724136,1.086205286,0.933027584,3.215312212,2.666851995,3.59946132,1.385060451,1.159919609,1.080166792
4.265812884,3.77294219,3.733141012,2.131555661,1.591422509,1.817123931,2.664471016,3.27781552,2.50847319,1.921580798,1.777036626,1.730885543,3.88810979,3.665448953,4.221639576,2.066843822,1.348265808,1.589941182
3.794829363,4.488841828,3.900996843,1.434195391,1.084088968,1.701906371,4.33658641,4.125656454,3.931099,0.704195267,1.135801874,0.91530619,4.301991101,3.895825036,3.860236425,0.616400433,1.102966234,0.897316055
2.215179787,1.913856467,2.693212604,1.090645852,1.135991466,1.39886672,3.617489952,3.786780755,3.459798879,1.225517489,0.931220015,1.142561164,3.676596252,3.168467677,4.102187441,0.630206245,0.956413425,0.840877197
2.716403914,1.788142112,2.621853959,2.181809884,2.146767995,1.773664489,2.560447343,2.607008544,2.940445584,1.148548996,1.430722077,1.431066253,3.682165756,3.102294332,3.705492125,1.827986532,1.560219379,1.830269272
3.593391522,3.496585207,2.832298701,2.058957555,2.13351047,1.689272521,3.901536733,3.395111801,4.227209855,1.312899796,1.645060007,1.662493105,3.507989481,3.331541733,2.811209097,1.776858906,1.487846255,1.971430318
2.673470915,2.7151102,2.990618098,1.910118562,2.132165528,1.823218109,3.008115091,3.287657945,3.259095961,1.538775974,2.069740964,1.4692327,3.367572844,3.631996472,2.865028158,1.372098373,1.865393751,1.503953795
3.595733003,2.60647019,3.147937365,1.734979512,2.12117996,2.294352417,3.034003498,2.697470571,2.462197095,1.479461778,1.695379019,1.314528189,2.749547305,1.979463735,2.301971323,0.981430589,1.797018971,1.69533037
2.804787372,2.477986066,3.277443277,0.85662723,1.274791157,1.718624502,2.355056209,2.879052021,2.89933015,1.395180866,1.200647685,1.621451647,1.307392696,0.805666672,1.824042845,0.980561924,0.999285203,0.941724292
3.786106445,3.896507602,3.968693604,0.58783197,0.458722878,1.012047633,4.108459216,3.843672845,4.103754062,1.164361075,0.350627531,1.021077803,4.508606357,4.073199112,4.86791257,1.193148896,0.641904339,1.126027211
2.963215158,2.634713735,2.895337968,1.426686595,2.137904405,1.95102399,3.795982406,4.18797523,4.032941373,1.933576479,1.783353927,1.56278603,3.802118711,3.950837247,4.416598393,1.330837195,1.925019298,1.510276496
3.901076646,4.020360206,3.771838436,0.313058675,0.368740025,0.264769294,3.085828436,2.579708131,3.096498062,1.176177729,1.763221643,1.332238976,3.57962212,3.502012842,3.184490985,1.428506507,1.128395147,1.195371694
3.263076815,3.947558361,4.094621552,0.885888601,1.294089071,0.777759262,3.723304201,3.074351787,3.215063088,0.779258734,0.695919454,1.114726003,2.40671771,2.301156989,2.873616134,1.626491313,1.561559704,1.619770119
1.967768119,1.892549541,2.177530729,1.580969073,1.571264833,2.11495108,2.246859555,2.223896713,2.343553648,2.412345329,1.999075396,2.028793469,3.037270995,3.009922634,3.494157108,2.229552409,2.206697401,1.290191475
3.031356525,2.848658744,2.734412768,0.531709357,1.300298247,0.988304798,3.096616164,2.725847869,2.97317432,0.870030866,0.954514121,0.573881485,3.13696533,2.982337206,2.893099326,0.916384416,0.566935524,0.975358248
4.268972545,4.347122629,4.360609686,0.150860334,0.920262442,-0.063144359,3.914126019,3.80530656,3.766674609,1.087239448,0.958425999,0.930317813,2.969023857,3.052444497,3.559634272,1.699539481,0.990434516,1.125033441
3.14342344,3.001375747,3.696902163,1.739274136,1.104963553,1.582908328,3.290811874,3.767906675,4.124467087,1.750214818,1.3832045,1.124488664,3.128742377,2.762531673,3.463633038,1.333248525,1.193421118,1.222972185
3.121356786,2.901131478,2.822563184,0.596211958,0.750162653,0.505773635,2.622943755,2.575300214,2.970712788,1.282477081,1.312071998,1.569299413,3.408632788,3.224164364,2.812496943,1.15847435,1.297805427,1.254054338
2.650257969,2.409092368,2.610249375,1.911680417,2.021092331,2.040010728,3.192456265,2.792693814,2.733949912,1.338879051,1.294320204,1.789498535,2.519860023,2.657097766,2.667137551,1.759358715,1.132195028,1.182234805
4.109456662,4.483546516,4.064397816,1.148227374,1.072792385,1.59865065,3.459172302,2.608122397,2.680780916,1.642182695,1.589788091,1.443649914,3.765830563,3.338317228,3.123795001,1.683707683,1.638011639,1.217157537
3.903626039,3.416614537,3.458004521,0.777202264,0.868040062,1.04123282,3.693859834,3.256277361,3.440498637,0.582150585,1.284074413,0.869877238,3.987330631,3.992854279,4.029045316,0.219357615,0.569743105,0.35760215
3.796827374,3.816080393,4.659747135,1.433572387,1.730750105,1.469159542,2.863551642,2.554827776,3.325260718,1.300774608,0.994743958,1.192991183,3.419147069,4.582359697,4.247650963,1.84946473,1.545919872,1.447912486
4.185717057,4.419688198,3.933243827,2.518680044,1.323254948,2.122913166,3.28731819,3.457270248,3.466824952,1.48248363,1.685552693,1.349846668,4.412751728,4.387855885,4.609272993,1.646748293,1.912693076,1.598641527
3.944079995,4.113382019,3.773300015,1.421544731,1.096114462,0.719175776,3.655005161,4.318265047,4.273508866,1.35869515,1.28327432,1.115097725,2.554573167,2.63678264,2.745961933,1.953681864,1.399027962,1.599092723
3.394070698,3.691901422,2.833178419,2.159339346,1.539054281,1.903478061,3.637966927,3.027984912,2.979067605,2.252752886,1.780632176,1.58536079,2.917928101,3.325483872,2.826566949,2.363919641,1.332696481,1.381672186
1.98948292,2.153594715,2.189931026,3.134527205,2.500405393,2.767409367,3.60163794,3.339950779,3.350578846,1.864207731,1.549484011,1.465937811,3.739050626,3.653679319,3.833333928,1.514003743,1.349279852,1.470974597
3.760838279,3.577701555,4.684839347,0.766958251,0.850575185,0.803488308,3.068703957,3.132970028,3.423299432,0.657330941,0.794535433,1.01710282,3.073754408,2.988647485,3.697875868,1.574072089,1.309042492,1.155009302
3.602189489,3.586563881,3.472496118,2.145595939,1.543720152,1.641791306,3.747401318,4.07090838,4.273896105,0.999871481,0.727421801,0.792367926,3.702153561,2.841800985,2.948673826,0.681624044,1.11274934,0.837706761
3.913439364,3.937304084,4.30991603,2.137267011,2.248036185,2.165231054,4.089578473,3.372552282,3.59219271,1.892589269,1.665807848,1.817348704,3.384510053,3.460864452,4.097446583,1.694401162,1.607360334,1.715483065
3.648435285,3.263708443,3.240147312,2.233795969,2.764931188,2.280121819,2.960772518,2.247913028,2.540165928,1.889471538,2.558732186,2.337908455,4.578454162,4.366625593,4.176716668,0.602956182,0.835853937,0.327698261
4.031324029,3.447829584,4.839077372,1.681233872,1.10680447,1.228431442,4.49165434,4.196935942,4.156539251,0.879785382,0.628813296,0.80447658,4.621405188,4.80073995,4.727329295,0.537397996,0.57345224,0.848631363
2.896209609,2.716878375,2.849684386,2.112330942,2.07148304,2.04819253,2.761662161,2.835901729,2.883616417,2.503326826,1.896183302,1.531654715,3.448617273,2.933729643,3.506453195,1.337894658,1.494202384,1.316261067
3.997239375,3.900105277,3.88697916,1.418818897,1.374471676,1.315896947,5.067352043,4.852438088,4.643240444,1.46993694,1.483685505,1.525376983,2.935415881,3.474302833,2.757754218,2.247073358,1.776921056,1.727134332
2.689331387,2.676110917,2.089512189,2.397779413,2.23434999,2.208173617,2.074254666,2.492419736,2.085307162,2.213721174,1.510778596,1.800124293,2.507594963,3.201975284,2.546218431,2.109889084,2.405764953,1.962352819
2.926239736,3.455832268,3.001645755,2.235155218,2.849175811,2.610394254,3.695551733,4.28451082,3.837293715,1.65330188,1.410145904,1.350396066,3.938959662,3.604086824,3.595188689,0.969128661,1.58543393,1.493326121
2.312276991,2.356705266,2.284414618,-0.193690175,0.439983247,0.504761989,3.631300703,3.384817761,3.993060988,1.20360384,0.49997935,1.082116774,3.045783327,2.389949729,3.122814913,1.587784647,1.116842824,1.255400969
3.046345611,3.450074175,3.128572793,2.237198386,2.18218804,1.940760575,4.94664819,4.696100018,4.860289,1.708336726,1.472278994,1.095621609,4.016796948,4.18754728,3.748353698,2.24888809,1.669262226,2.217669086
4.058975297,3.788923686,3.360207743,1.335966144,1.296443417,1.706379536,2.437922236,2.878239312,3.036892724,2.314974033,1.98476328,1.766007111,3.683562353,3.760593667,3.803043817,1.409036266,1.375647371,1.382015125
3.260647231,3.37430016,3.228419645,2.561864083,2.231503562,2.693220987,2.501323039,2.349807622,2.478985345,1.948144057,1.643688618,1.880470598,3.497659188,3.218499668,3.406405358,1.140601428,1.169488486,1.297492655
2.348694807,2.591510736,2.856630902,1.045508406,0.57633356,0.511919397,3.300454006,3.515031646,3.344608561,1.38060582,1.148937163,1.174309523,3.699706383,3.007566217,3.739663744,1.387749166,1.210552971,1.503930524
2.927796859,3.541422133,3.130103158,1.685402839,0.876117819,1.528088037,4.13178729,3.740606292,4.099007422,1.379959112,1.121444842,1.224899144,2.81540276,2.490650813,3.245754803,2.10354201,1.670252132,1.626226709
4.099243787,4.126025857,3.865843276,0.862634487,0.664231587,0.490373301,3.619833126,3.508235121,3.797450762,1.449826585,0.959128241,0.676927344,3.346467271,2.771670186,3.415748438,0.961998118,1.185049936,1.126059929
1.771474407,1.873159666,2.19474472,2.189200439,2.357681178,2.127928892,2.672033037,2.707491885,3.188685043,1.612071934,1.650050867,1.719423693,2.708188425,2.74975474,3.018548486,1.476050695,0.868604651,1.123001252
3.261647807,2.910176255,2.335475434,1.459303973,1.596929809,1.685015128,2.521320717,1.739488458,2.221323784,1.651774303,1.691385933,1.792217528,2.793258641,2.895946061,2.822080922,0.695259516,0.474705297,0.737575577
3.077783144,3.279750241,3.100252423,1.284972427,0.840266865,0.896924554,2.873328134,3.373186815,2.84336079,1.009950602,1.123672046,1.301992349,3.074647905,3.144677746,3.093092396,0.957582651,0.983691752,1.258883792
4.111815854,3.763400412,3.779281437,0.881160293,0.708151328,0.940605862,3.115897248,3.100293123,3.878753811,0.792759309,0.471993537,0.729227008,3.048405998,3.160796416,3.077218407,1.919641224,1.601372924,1.675265457
3.802574833,3.509795448,3.208914819,2.158568516,2.03984817,1.522334831,3.401828319,2.85249422,3.286243275,2.005158826,1.79962917,1.41017902,3.080010689,2.912127402,2.711123784,1.954885214,1.442963832,1.396828526
