"","COG_T1","COG_T2","COG_T3","COG_T4","NEU_T1","NEU_T2","NEU_T3","NEU_T4"
"1",-1.78503290879907,3.84943380080936,14.0231061611601,24.5036506793832,4.08767116367989,3.54288283400341,19.1486722722686,27.3050949330072
"2",4.91468367266775,5.68395339410122,11.9646124917984,14.1839707939796,4.35251287300131,3.26257322301087,4.27188015432013,6.78453056633309
"3",-2.04471939231909,0.32618387110562,-0.529980789347375,4.87036964923349,4.87167632230922,3.18122787110826,5.53960892644745,4.76929216795632
"4",9.42136267408074,11.4646521618152,19.9706620055718,37.9164002761689,6.04963434483563,10.9329556976852,20.3060371515217,32.7106758866789
"5",0.833548264278394,5.33577918530859,-0.492157256799645,5.94447345436359,6.25375324018713,2.97493681632937,8.74872748946191,17.4767299110346
"6",-3.78125595582012,3.52092863454565,6.11541004193842,12.0490846935264,5.65913179046188,2.13828638290814,6.75571799972384,7.13712676363811
"7",1.48777005818079,11.0977618738169,18.549160027128,21.1859109596423,2.36521542390774,0.00309035947948466,9.16124771872375,15.2023722331314
"8",4.72863269647483,4.50189402018538,11.6193617618149,18.448457817202,5.42059320674924,8.48038023539739,13.3801222291053,17.9728073306521
"9",1.09941262560996,3.51403658342053,15.5971696357109,17.4199394899962,4.45346336952121,5.80031145164474,15.6264469120957,17.3890662333267
"10",2.6399336880859,9.34327930518451,15.5769208773975,20.883218171527,4.87183673045994,8.53081999697656,9.26967084401638,23.3733512296484
"11",3.90296866962531,10.9287674473945,15.6774476419871,19.4179158261153,1.51163730698377,4.96997059484861,7.43511016109647,15.5820651075848
"12",6.84935054831535,11.5557792575739,17.0719723512115,24.0394380791735,4.43912694230147,5.89100508745741,9.00271523931048,21.7789715475106
"13",0.578630998420592,4.96622767155866,10.307920911659,25.2574493650719,3.09627594806354,4.82599217574553,11.9763213129951,20.5087427981509
"14",1.77660567744744,2.33561601479967,2.27693124404527,14.4765683107065,2.86929096991011,4.12131398072851,9.71852206666795,16.7798858034702
"15",-0.764757769544238,3.66313959166067,5.9579097539868,5.59092696647371,1.85828968888767,-1.01979544335106,3.11594124945579,5.16349448311983
"16",6.8106615840684,6.46710031108169,8.68009170026641,19.8072784588096,7.40615721290959,2.10215329129444,9.26168057144863,9.92795281997465
"17",0.0100624771601514,7.9755757959479,17.1640344578938,28.8168586000787,-4.07391715029495,-1.34999528198373,4.70469333546493,11.3448434762537
"18",-3.04502775250558,2.89333605768652,13.2604802398393,24.2427349412863,2.39593037030919,8.04350454879542,16.228760725893,20.9057685030072
"19",1.18394380783169,6.17636886899043,10.8215420423381,23.0511299560306,1.00755389250206,6.15304737347494,13.464201609886,22.6512331781365
"20",-0.839779310589982,-4.39771460040454,-8.28356717688301,-9.86622301265968,3.60378711364154,4.44046483073418,-1.36056199331171,-5.30327840091395
"21",4.01909807537516,1.4012199161931,2.46700688298221,11.4692061493086,4.58343098756422,3.87285135661081,13.3220877823178,15.6901211197805
"22",0.304330135199605,5.07069742361292,10.9248224295545,21.2261958600559,5.15252708210205,0.875890962316779,12.7377824782504,17.2223829560947
"23",0.311057455866595,4.91673050557521,8.39410127959519,15.4822739816115,0.187327854047561,9.81934263737107,12.7094085720893,21.4188271380006
"24",4.0708437770999,-0.426479932867749,2.96708503110643,14.7996355713196,0.568557795673984,1.79575083876091,9.32452660548219,7.07198665018882
"25",-0.260206416713674,7.70309031773401,15.9811621354676,22.2768309292152,3.33062765979924,2.45676811175769,12.2256795091332,17.5175694445773
"26",4.79019294066228,9.90606673805604,17.2806756364255,31.7050959744849,5.66100000663733,7.77969188348261,13.5965636522592,22.8744184943114
"27",3.22633670641571,5.82024154933251,8.2928234453644,7.85817026776666,3.79081916773449,-1.48461502327987,5.1238296969421,9.20673306648518
"28",5.96212836688491,8.08898859580284,15.2755473508599,22.3350023058862,3.21070696815201,10.6796936688788,12.9381542621513,22.9073131567021
"29",1.88155109947697,1.74886216594601,10.6736846016452,15.5529411864919,-1.83394653157502,4.39664567310322,9.4616125636668,13.1240114710644
"30",-1.89618748072921,10.222301181761,15.4759569013291,20.9792318960827,8.38228583299112,11.9417020687801,11.9149156658153,21.6019699374775
"31",4.15514102809793,1.32545860773582,3.54207363446189,2.73394320008536,3.28963143147218,-1.31499391273577,3.25515601387141,5.97072363571596
"32",1.38374516722102,2.3853965734844,5.71452826925802,21.9894151157025,0.639585948503954,8.24292034259561,13.6459977038065,17.7038139584949
"33",0.163742154505159,5.02998848599822,16.0905684740369,21.6469450086321,3.9280595140197,7.85525831488867,10.8288728730481,18.3951543346121
"34",-2.93667341685315,4.37210950053752,6.5631700504256,16.1757856212152,1.38512225149841,8.71064672589272,10.5443563049258,25.7002289036285
"35",3.62604864842708,5.08691301074994,15.5140794909805,31.244150350885,4.4902043519706,8.86760206598609,16.6175368832902,29.2465076704207
"36",1.1999341272026,10.6105856036071,18.6255376228034,28.6011962293191,7.16362820956537,5.06182519181837,14.3901639436471,18.061925829285
"37",7.292342980747,12.0942725177224,23.9638787987723,33.9120206449321,-0.34937676898669,11.5443991389962,22.008559035529,29.4563594423418
"38",4.5844938673044,7.58521493789869,13.0176315640566,27.5194339955601,3.55374231456759,9.14560839512031,17.4624523070052,25.5142638493398
"39",2.2166170125584,4.02911137102018,11.2682659156897,20.0464862620909,1.51967760536256,5.61915234126521,9.36359185957667,13.9298726262422
"40",1.95679823458816,7.54046500473705,13.6996427941179,15.2851563504131,3.96078424475644,5.55795525832213,12.0399677560468,19.1180645155072
"41",1.58688916175569,-0.614836930913905,2.18642013596973,-0.890521615541548,-0.45086917135117,3.78757889995038,1.92736945246379,1.77654793529989
"42",1.83371911911308,2.85191159558165,12.7840495485525,22.1933463386474,3.72186472006955,12.8058760306553,15.9077943715325,25.6294708483525
"43",0.971213941388403,3.94537378344902,20.5946452274115,22.3726170714592,4.36422447919042,2.582684751903,10.2997667671601,21.0113131852301
"44",4.0206054791057,3.54858282454221,11.198536994456,17.7131417112122,0.329611091358619,1.79325774086372,11.4484923020126,16.2459308785808
"45",8.1283698339654,10.1888302780759,17.9286248583609,22.7839016097601,2.79565104803437,4.41938386364813,14.7490414620938,19.9282517314944
"46",5.16723627098131,12.8598435984141,17.008453164155,24.7504964991878,2.43567591152277,4.86296262739619,8.34104558698717,20.9886282017721
"47",5.15953872063394,12.8130325792587,21.8461243183202,27.4039017441297,2.78607807463335,6.5435704334158,10.8423032344957,16.5883258767914
"48",5.3533034460809,7.86085585456321,14.9672232394832,26.6399997584329,1.89245679760504,10.9448589493636,18.6254792202092,21.4175124474047
"49",1.12489081256022,5.06689383853243,5.06838763501591,22.3396495201231,6.43901580256558,9.23007775214949,11.4208379314233,18.4941843242287
"50",1.90723734085059,5.15508218599985,10.7176132575061,17.3359630424879,9.36243986109248,6.07201868684019,12.7474095018546,19.2369685403047
"51",3.32691792183124,17.3965294376875,19.8804908985749,35.0786701544748,6.0867736421712,12.5599129973073,14.9947239569203,22.3942096133515
"52",3.75429229945134,8.5563042839166,13.8082927434858,24.0882642992257,-1.91023626161097,3.6527248948846,12.192943858464,13.384168425682
"53",1.66722454355254,8.22245018786653,23.2658723514502,25.430315338815,-0.983298269142923,6.39906513993769,14.6500095048925,18.0243176986499
"54",4.89611807717521,8.52660516761061,16.9109783677365,25.3585397580672,6.44599162340853,5.99493802946247,11.9363742419591,20.0811659251559
"55",6.68235933474723,5.21146381270256,9.52692749300246,15.2789245574986,-2.32488405947363,3.70361741830184,9.68257726319519,16.6159723651934
"56",0.044438514244042,2.27749536794297,3.39216255906227,8.75190890558897,-1.33942723880131,1.10098385176446,4.86400536349792,13.3292838457328
"57",2.58080828090736,1.66056934214126,3.95206163937639,0.129810879665904,4.67220337362286,3.39097836460465,-2.23126642118532,-4.81164642568332
"58",2.54730045925268,10.6074382438948,17.5754017992038,31.8257188043298,1.26566321350125,-1.23230906909723,8.70455133974676,10.6144766291568
"59",2.83367987811008,-4.44946402237191,-4.46842467059063,0.276993247449211,-1.39088031880229,-1.58997389160452,3.62935767391484,2.63987197575569
"60",0.532156087156919,7.12016709741922,13.3264211219814,24.572088524085,4.80023890773169,9.32230398407244,14.094128909813,25.9963433125815
"61",5.214323537645,5.64039447840316,7.55024903332485,9.01621269855452,1.71311618405824,1.46957389907596,2.24614892621136,7.03994984845612
"62",-0.278666479007335,0.168503543188036,-2.82213418172535,-5.94137103238026,1.24382349143922,-2.28861168534489,-7.14839851212688,-12.319845912255
"63",3.70971768962215,4.46374499402567,8.57556915215094,17.3012581119181,4.10691667342646,5.86011283906281,8.54575507041811,11.2980935384596
"64",5.10687109624677,1.91846844544018,13.6979051559131,21.8867045318949,3.55514466627185,8.64690874808453,13.6874152469075,17.0892845251704
"65",6.99127839487771,6.1340698337477,6.451693153973,12.4707108518207,2.51285310113792,11.0627463565116,10.6636993301767,13.3480211348211
"66",-2.16234077180517,-3.39976787038024,-4.75358363221628,-4.00629025844062,3.45380030911038,2.99998634137742,2.2894177335667,1.67304978601237
"67",2.90884117679072,8.9028138555786,13.7907605683062,30.4006404229165,0.740970475060418,7.55780019743893,10.4444550763496,21.282201941783
"68",-1.20586927449358,3.84574135899886,1.9620495741921,-0.508894135762294,-0.182125701095266,4.8439398815701,0.354564814507098,3.14030061065219
"69",-4.79519209312096,0.871767810359064,-1.86527425083987,-0.842053926938679,-2.26454629156923,-0.676024837896047,7.07732126080571,6.51473777905464
"70",2.27340865893206,4.90131466205847,11.0211446248843,12.7316162767757,2.74513360485402,2.0531314641131,2.2298321167038,9.83575179201483
"71",0.111271282249684,-0.295428254898356,14.4947500574549,14.2825220828125,4.2986508511228,3.14361504503754,8.28084444413511,12.6923624745486
"72",0.366170564322305,9.25954881340702,15.8551601131791,24.0695730409409,-0.527075638339307,3.34562023831016,9.46396409689347,10.3556177021124
"73",1.51522495457385,2.79681770306627,9.44091107512774,19.6020176219463,5.49198061496831,8.88683191511383,11.5100847495393,15.1760378254837
"74",-1.39431203265524,6.90833505761219,4.17735040489966,11.8837457708779,2.45407921537927,4.01270690378636,4.84422429474798,4.15782749110696
"75",2.79579968458705,1.74849597064257,0.468920108076512,-3.48506933762286,1.35678564997117,-4.3629880919006,-5.2318205231028,-5.37190719348742
"76",1.75893896159257,6.13933083865246,9.77917225529002,19.7685449924462,-2.07407084361979,2.80020544752326,5.13927746135268,14.687395376405
"77",2.59692866785693,8.34553886387142,15.6963524725247,26.1414494149183,5.78782549410214,5.93942905669358,16.126404213866,28.2411779598325
"78",-1.98341718885504,10.8026452451429,21.323295972643,25.3423564687423,3.33549611803173,3.49988201740123,8.0978638136222,12.8261865685685
"79",-0.747781713842874,7.14351869614312,8.96877101516151,12.8280684349725,3.72501586025684,4.84505740683239,8.02943004128354,8.15489721090117
"80",1.0183353130554,6.684683090861,11.5097132721342,21.9741318924917,4.20008780882554,5.20657731851827,5.57808734390377,13.6771325264252
"81",0.940417118618974,7.4444168465641,12.9908895132487,18.2715169017899,2.21993289160581,2.24536315149159,6.7032758478556,13.1982164354931
"82",3.16251612028092,6.80860185814916,8.57760680958259,13.7373103155278,5.45813174896183,5.7879818863854,5.14453539435467,20.1342183858895
"83",3.32484261536885,10.8357736236531,16.0170584132422,25.377597417229,3.61581235650567,12.8235533677608,14.3015234185168,26.4674902296726
"84",1.1738919313941,4.17548190430033,14.0502589642456,15.204187024148,0.62535408231722,9.55373072984872,10.7484173578209,12.0380349252803
"85",4.84539362747419,-0.533966522319142,4.08977398036117,5.32751313586073,1.22661876107023,2.75103852482904,5.51203051255648,7.77592616964533
"86",2.71197989417839,3.95735241022238,5.49512643965168,10.8633390775505,-1.99888265435999,1.71501536832346,5.91702054271977,4.24189656440597
"87",4.10501962254434,7.29604747132061,7.7019125903304,16.3150084896249,-0.186644534317423,-1.50449985105527,-2.3178453115722,5.57699299850673
"88",8.08865893107877,-0.240063797182061,7.97480758538722,17.4189932062997,4.30287674779526,11.7401264241633,12.5811231972421,18.2857982888789
"89",2.19006276188754,5.02001561083376,7.54969693036452,19.7732917607148,6.37094471270149,5.41482682942454,9.20003273978981,13.059827617497
"90",4.51914301513807,11.1468308403019,16.338009973644,25.9697293208933,7.01140850721423,11.0861987905067,13.736341399306,20.9636729162
"91",0.869402065039092,3.76692391722932,14.3196714944719,11.4284795140776,1.469679128563,6.17553627794913,5.96723571575996,16.8381503510141
"92",6.70602594570375,2.89205325956004,4.07616588712871,11.3604678897294,-2.50733766255799,3.11107722954319,11.7015910122742,12.724427661572
"93",0.306038488141906,-0.506717859714734,-3.40356594137482,-0.417496590048366,-1.23979365507728,-0.448003442874714,3.6131735472882,-1.52289525136569
"94",0.110471936611587,0.874056452635188,0.603414672510279,3.68195926370622,-3.46389499873948,2.98749471661748,5.07224030548327,8.56476858219543
"95",1.95130826373068,5.44399174370999,11.6938932492726,19.9331374713272,0.777717282680274,3.32527474879618,16.0046790857853,15.6199736249231
"96",7.2960280780197,8.03584403823782,7.05269551900999,11.7033055240002,1.25463926193545,0.164608735134281,8.60901089026922,8.21394478909277
"97",6.85967660217504,7.86289378910343,14.7166593426035,26.7082096159554,0.190182704058544,3.4193995484929,13.6935922571557,23.9251887349821
"98",1.61641079812146,-0.6354150607599,0.999327311880174,6.16049854553457,1.64383858110095,0.340456808854436,8.66721360562793,7.36802660293719
"99",1.22523522247584,2.21164987501201,5.25895894340951,9.08688672393699,-1.24610878469395,-0.574303343764581,3.88556093913538,1.46681462142597
"100",-0.394365450404065,2.67535569434491,-1.10414096660731,-2.74009181999038,-0.165477867656644,2.59157878453328,-9.42860578601325,-6.05154889255298
"101",4.03302929124867,-0.230282114317127,9.20504411265145,8.95091304753542,2.49120838776012,4.56080359618798,5.28896455548271,11.8402951790669
"102",3.09553838106746,4.3441252023667,10.8151037406596,17.596065154523,6.78799763955848,6.62460320282301,14.8125823313817,17.2691731426091
"103",2.99301965425152,6.75307618212186,13.2129277568306,18.1825299959206,4.28897885460652,-0.536735984793306,3.99915925385718,8.77495089836774
"104",1.19414054606353,1.81467516322944,9.73257884773231,19.5635921937244,-2.78851890628446,7.29033446159204,16.105540185242,17.8936309963187
"105",-0.0919702433086069,6.41093150731134,14.8170168546599,22.1000899635196,7.45982160554442,4.96847426102105,14.2828153057912,19.9003930661988
"106",2.27064674389556,7.05904202770448,8.27925889931725,12.9705559634961,-0.367953985093514,4.5846407340977,7.09425738256996,11.8218654383315
"107",2.37731714803713,7.25378312763319,10.4053103508309,19.956213954049,3.48243410524728,5.20116188221002,15.3335687944633,26.2604106638596
"108",3.61148867344476,0.834537279920576,4.264015030816,9.91755554054649,8.32294900997431,5.9609105679854,12.5410567397877,14.803883851081
"109",6.42637597054828,7.50865128549367,10.3965036845136,12.8234870087074,3.49905426937581,2.09486260193115,4.78402687201794,6.53057943692251
"110",2.8499749786817,3.38824338832436,6.82357065306348,12.6486342386034,5.05727043080016,7.17868456932655,11.0297242312642,16.3668404812717
"111",-2.0690630030971,7.12850485674811,15.3569404840802,15.4175293574463,3.79787398778158,3.4880805660171,4.79240866917491,16.291543476934
"112",-1.99536959933021,7.81346781504585,12.0353896314573,20.2372962921828,6.39331772308453,6.34535089237783,8.53555504403469,21.8615311606935
"113",2.89471638967485,5.28348105246215,14.1567237642477,24.6489651778444,-0.137485913452423,7.65857307300321,15.3992732902981,24.7683393454663
"114",0.227060242807257,3.82745477451984,5.17598185834545,5.26192183475801,5.82576643945686,0.275164249997165,7.86075142820605,5.01142906630662
"115",2.99118454400447,7.65729412274793,12.2073952437135,18.3236564955571,1.8582122393288,3.95687353334032,4.32050677552273,8.75258879782551
"116",4.8872937598381,3.78681117231793,7.65380377920794,6.78121282989848,2.72704577435805,5.35780825502427,4.57279179494329,2.37451830047772
"117",5.82490780171027,3.94772291492938,11.2397824219935,23.0530291745596,3.24866435906073,5.18797384940398,16.5866445939944,31.923410824245
"118",0.465315411001826,5.39399313002973,6.31253507163552,13.1520976092148,0.293850082369865,3.21048145199447,5.43401512944544,15.0758911740857
"119",3.17958401984208,5.97747088347819,9.04465283047107,8.6795073446759,1.6636435914517,0.274446013153919,5.16682346344417,4.69464850348517
"120",5.23579000952378,8.15581406681574,8.99105398314422,17.047910260673,-1.4398199712055,6.06065692739603,7.56972293015907,10.8401776580455
"121",0.623987100211554,-3.16969356119717,5.51108806900797,18.6691982248344,4.83038379207701,10.1632540475189,11.001793028534,16.088809502788
"122",1.73171229925802,4.20272706538401,11.3357746584673,23.4561339020107,-4.16030899512125,8.70916299540167,13.4978353101422,20.7254356053751
"123",1.29647830273658,1.44030532794011,-0.817495951250212,-1.58970627529674,-4.40688703800758,-0.517830793458851,-2.85302063104992,-8.02447435558259
"124",-2.6299353231436,1.78054855961347,5.04665965414096,8.33087773423542,3.97173890480577,0.842484154639232,3.21374624506397,8.46405905260098
"125",-3.53303439903094,-2.41816935899006,-2.26339370960678,-3.20250015722692,0.528441019061292,2.77797257165411,-6.4697775890485,3.56984815698205
"126",-0.585543749415667,2.49873600911775,6.74234484571442,8.22079248658265,-2.30217485293404,8.31785992876406,12.4598036629571,17.9791630601732
"127",3.34664008212336,9.01431020137213,14.5905707545984,22.6386725192073,7.15036414289979,6.0434524336601,11.5221344356603,14.1584513611804
"128",0.947121592722737,5.98722371321883,17.3662062885623,31.9096948898001,7.64766097299591,6.88214984494558,11.4245706991575,27.6217181277261
"129",2.03264509954258,9.78567277596358,10.3661350212796,15.6974330245309,7.34198163357974,5.36201785621718,14.2113377537743,23.0652671689266
"130",1.26263151929661,5.79815003347885,3.60054151259735,17.5668286059956,2.3776872514689,4.17408661680535,6.59818143589822,8.91804674284763
"131",3.48077372940089,3.07189975945825,-2.9257610579207,2.39098655307618,2.38087236681092,8.11561368497131,8.31768031952222,6.28686778985924
"132",0.735881291166306,4.87220734343434,4.12487958247284,9.71718415770533,-0.664875264487252,7.1252817001755,8.88590685753902,14.7414121873301
"133",4.89341540733493,17.2018298663492,18.3472968431139,28.1210077709976,1.1108181334873,8.22996212485088,11.0610185337858,17.9085134237675
"134",2.79696545565003,3.72319620310944,6.94894036418858,5.17737430850311,3.4254398994775,8.45017303802397,5.88219357517961,7.39226287125433
"135",5.60669799517298,13.0745238211621,26.2107156540479,29.9563475218266,3.36026135431254,12.0555052545627,13.2503584803595,22.3234023828809
"136",4.26342735101502,12.0314710578773,16.403566030141,18.7802419048557,3.68677791128625,6.37965473060218,4.31495505152584,13.4827864365731
"137",0.211162637609246,4.67630723204966,12.1990902596111,17.1921098651757,-0.233311410979622,7.55944659088043,8.92915424266633,16.8809525319266
"138",0.0103171024650717,8.09602094723617,20.197082362937,33.5998457555122,5.46630372778001,12.084763294983,15.8353083281776,31.0685231469997
"139",0.967601034830889,0.828980057452948,5.61798901098783,5.98181345997161,-1.80411538001045,2.28813298334917,3.10723677998618,6.16364454331185
"140",5.66229513425266,5.83714262895531,11.5888626360439,15.112802968017,-1.05855170024203,13.1436395440681,12.420068746903,22.9842515368706
"141",-0.542599224839692,4.37316077417785,7.94098322974881,19.4180460292576,4.61116403799379,6.26245844629439,9.75881460418126,17.2649190190302
"142",3.53507001482095,4.26298527584865,-1.39759679235317,5.54605855911326,-1.87573975587735,-1.10494617905638,0.0424605106517237,-0.288643816632019
"143",7.0267245196149,-2.37831301246393,4.94750121140126,10.43110409814,0.641644728779692,6.14275135296978,1.83542728925356,9.12041962886231
"144",4.50174442103556,6.88116569417205,9.45316319420474,17.8270795489987,3.00422216284862,5.90662082944441,9.7943819080711,10.5939424201027
"145",-3.72664450615272,4.34094737251068,8.05330867011137,9.21683093313943,0.670686968775276,-0.991759665198095,8.02392514145807,9.35220071443031
"146",-1.29482606336991,9.29767984206416,9.22339105987281,12.8247847946164,-1.81643385328179,-2.05606449881834,2.85784107756418,9.68145625433208
"147",3.17583283666441,-1.90780048293038,1.15278487921802,-0.691120644489217,-3.67789251581261,-5.12469010522218,-1.5579221376616,2.21278008778888
"148",4.31584151400957,4.57199210833497,7.96149775143391,10.7920928103084,-0.332500543641274,-0.448502476877265,8.97771010177305,12.5511314499786
"149",1.02294660715476,4.19114332524871,4.55394520993137,14.6796885672705,2.29900797213929,4.27644736120352,2.8725594521817,6.58456589471077
"150",3.81720615063937,2.61251509051099,9.8409025135349,9.32628738939028,5.59710478569392,-1.35879011577491,7.34004247252591,12.25011096508
"151",4.33050636181093,5.34485243498703,11.3884736663846,21.1516477954122,4.76953220646242,6.31722846576514,4.85019409879283,16.377420627257
"152",1.90317893627497,2.72894059279588,10.4122343088452,16.6674903139405,3.76595884493917,3.18747847235618,7.69214063222146,9.42964709473474
"153",-1.0068509400432,2.29714900876815,1.96405608206605,-1.6740648830924,0.360367386562884,0.784241773034751,-3.90844183024477,1.40525209067564
"154",3.77084813244416,8.6148045109671,13.5221011899356,20.3795760401986,5.52619491948627,11.6486330437234,15.3028665108701,20.0995421438876
"155",6.18283071617905,3.66890605504118,8.57453785869629,14.7144243584287,-1.52565017291725,5.93517075156555,7.56330375221263,11.068951096806
"156",2.38283780346063,3.45966886313008,2.61918638663101,-1.14899350209632,-0.247082281995245,-0.0230114980647542,-1.51331228496068,6.08439357207487
"157",7.82773281326223,4.40545863112029,6.46503910771492,14.8018584106799,3.04958803642254,8.55182148373106,11.0295992262469,18.1216757451466
"158",5.77725531734781,6.44533095594712,15.9482129927137,25.8086530111611,6.11798138916974,11.0065149188699,14.0419843664859,18.9266270442969
"159",2.92794309728984,8.87948358211167,13.571724986517,23.2658184659579,2.78347132704497,5.17557116810615,18.2226022539602,17.5085095419837
"160",7.38173251833908,9.81792962134083,10.9861585249188,14.4196644311621,3.96909171234405,11.576152085318,15.4611233489209,14.1317818661983
"161",2.50636640818136,10.4498214096574,17.7812687518684,24.7311212261448,-2.49277311728499,1.52796904695463,11.7773471400574,17.9395521051512
"162",-1.02334839968651,3.64691134566942,5.07153183014586,19.5224777140725,4.18349670006031,5.03351764166807,10.7523038185226,17.1808690428259
"163",3.09239740799916,8.99790843647443,16.5050678275004,16.3638696218038,3.22318013553412,4.74888798976113,11.2857467486952,14.8673142699695
"164",3.11907045498199,4.21265112277616,15.008575604803,19.2347353095428,1.60961666836941,3.07970493732502,8.69304636705656,10.3763616830952
"165",1.36351423221812,5.48518295136861,11.0503709965067,16.5778327918392,-1.27799208210332,4.01031498316768,3.5547059418849,2.60432238440053
"166",1.3436858949295,5.34597299034116,4.16188896899201,12.8113206510901,5.76941998905643,5.59102797240517,2.36602267266406,4.60099867675566
"167",3.82246160503528,0.416029347881894,0.427643620133454,4.26315006230682,1.78925405417595,0.542265931994005,-4.0815397085585,-5.0696051147812
"168",5.5583114260553,5.27318093022073,10.9729283409972,19.7356756570899,-1.02166333421502,1.78056897930984,5.69362435326714,11.3058545677265
"169",3.69406372088132,5.5667412742744,11.8333140269651,8.82876098894734,2.61346165785122,10.332839327504,12.5110100594364,22.104660913968
"170",0.560208708256406,5.78535993528973,1.46938033203948,4.89836470551395,0.678088282963834,0.189040427448209,-1.2705186593925,-3.67814892856354
"171",0.75375495392429,-2.40307254076605,-0.982551509165795,-4.52737818711174,2.42844875419785,2.16907906505573,1.32335844206353,2.07708813626533
"172",0.279895196894756,3.10905114086913,6.56535974002881,14.0452117740978,0.69278710188724,3.19437314919138,8.89919455351087,16.0247660618327
"173",3.17939598622434,9.21110395826423,14.7304651371989,18.1376818324215,0.412839399387987,4.53713644807217,9.05658671728051,13.5740876757077
"174",-0.44629573765414,11.2846493160356,19.8811743978905,34.0108027200719,5.36322165558523,7.23367865538953,16.6081071325619,27.4853781901402
"175",1.94799188310188,2.1017156658637,-2.11329221854249,5.46298876282865,-0.829721736185685,-0.911381293320212,-1.02665334966175,1.23701640140554
"176",1.70791219821826,12.1279110167675,13.0537698926413,20.0837045077911,3.25326927933404,5.87667965021685,14.8871672493694,21.2255814835143
"177",7.32018112059816,10.6865078861311,15.3107967404075,25.3425441694676,4.47243274418729,8.41587214438357,13.4399286580392,21.6031557771009
"178",-2.26565926490413,-5.55059619287807,-6.11911015264249,-18.0196174867071,0.538416185417279,-5.92016863382606,-5.45251588276126,-8.14527008978717
"179",-0.233865327134056,3.56797059077353,8.13471210216437,14.3618310065335,4.13206262000113,4.3118102324263,6.37627206275675,10.0080362541214
"180",-0.185174841498753,7.43153856302679,11.6229382936786,23.2760512390996,0.77809569835224,-0.549992921891407,2.29679238309082,8.66881761475817
"181",3.48007794803592,12.3853463891995,25.2856782422659,39.9844421268114,6.66230955621242,14.2986430808258,21.0617584769627,36.3365439691878
"182",2.83794536704036,3.38001046411803,14.4321721351352,22.1138518854734,5.27937673899493,2.99645735340046,2.81429697596887,8.85938976397678
"183",0.0619545263604584,-0.112549211823537,1.96857515386671,3.65491647262969,-2.09429656818882,2.29591122124661,8.62925347011398,6.59869700634277
"184",6.59600299578479,4.32308349086848,10.5529959128111,11.2434450900073,0.663558840275267,3.53936364518033,4.20221877147073,7.83543890230194
"185",-3.17835941093221,0.776889956488698,5.50331263172099,11.939439893113,5.95353327962474,-1.14728953161454,1.80487346345348,1.48062242954993
"186",0.71447813374684,1.15488002090295,-0.505379142952615,-2.5469558164759,-2.61166718556479,-1.36158275544527,-5.37731922280332,-3.33412098292386
"187",-0.38020969622227,1.18849320375902,1.99483691918006,1.9610045691038,0.0835547968452752,5.11297769126919,2.79066417389509,5.09383380888807
"188",3.47832785332615,10.1868142993328,13.3269424753983,26.1750773864505,7.37003895021434,4.8110733030952,4.63493274791328,11.9986256845357
"189",3.83766217848866,1.57220823004051,5.08978606369539,7.13774478514405,1.24148691444688,1.5423692612305,4.03153116160558,9.89777975877985
"190",5.14854116891682,6.80750750488397,12.8667900527601,18.4683235184518,2.98791337014197,3.81676885679659,5.31089100660541,13.5758551857763
"191",5.83596166359507,6.80004375492685,12.9335000632088,19.3380297843116,1.53886777020431,12.7156178802644,13.5199487726947,13.9320707404302
"192",2.37091471363111,11.3457598389252,22.7510644511709,40.4570283934645,3.94928414409838,15.9744398627376,24.3532075781509,39.1242669283807
"193",-0.69983820964885,6.90143082182884,12.2339921283979,20.9873994273377,1.25269161583035,8.14584702698053,17.4006322240067,19.4814614933987
"194",-0.977334600053767,0.448896310714505,2.91898579635692,6.9409063518249,7.68921028441289,7.69663404687796,10.0981599989009,11.8110514533624
"195",2.91324555617279,0.265931751126771,0.337610455744894,-9.03878401889751,-1.42955977894485,-4.35832429839156,2.44130375579612,-5.84775132817663
"196",0.441984668178584,4.01162984212804,10.787616129461,10.70808311403,-1.17012939338561,4.39151705178205,5.72253645817671,5.72271905004984
"197",0.92871806183846,-1.71040158201431,-0.163583138145434,4.62854372501333,4.55250118350001,5.86175136926412,11.5868079000936,13.3199931657592
"198",-3.52416248708237,7.14715741224536,13.9130890426731,26.8721104312581,2.49530431875795,7.65573857125885,15.1214558298067,18.5116295510623
"199",4.31559402969001,1.77840064225357,6.47388877696623,11.8623890935398,2.58091061954663,9.42998091541347,12.2525886913521,10.6926896562656
"200",1.83086082056295,10.1687115723295,20.3384868518856,29.8201428806093,8.05962284557997,14.2372991868122,18.3229338858899,35.1363498638287
"201",0.908503568109827,-1.74372214379358,7.47639334222954,9.81932752671467,1.69391155398676,8.08835949634828,5.80156219110928,9.56767880820937
"202",6.20918250914023,0.501450300375281,2.50635208377004,3.34792688194757,-2.80104339908637,0.924147516015329,7.18270209212521,14.7806154985746
"203",3.00866865515334,4.55719077282258,12.1685710472562,10.9020448156051,2.36963532824767,0.843673100486984,9.39687890614479,11.2771061874882
"204",-0.102340280456265,2.36044284449905,9.40045137024557,12.1199264351386,3.97281190929229,2.8537622876061,3.44209041775137,1.50478652058396
"205",-0.509050472824868,7.72758052519405,8.32185653745874,11.523077205397,-2.21246586288688,-0.415604031789417,6.44743095001783,11.8217515800996
"206",2.44971323119482,3.5259678672075,11.3199822900758,5.47208722902128,-1.37165140015943,3.33794475969776,2.33871143204725,6.318363770756
"207",-2.53639676444759,2.0116671222991,-1.4097346727847,-4.77345423328166,1.15372168600683,-3.0808758354919,-2.13052013261874,1.77861585423626
"208",3.47464588118284,-0.67937714925263,6.64097443705916,7.35861859729024,-2.02624106698416,-3.744516413131,3.77099411837517,0.568083089703173
"209",2.02467390046537,2.94832281280555,7.83624872537665,12.4326245791068,1.91339102413118,5.36114441342587,7.6412616070637,16.969763150681
"210",2.51648782607015,11.5198440352278,16.4584580689723,28.7105948238537,-0.505463386673807,2.55603735763502,14.4098279836616,19.2376126623482
"211",-0.497146916564126,-0.8604978863658,4.83241734548649,5.88987685416421,3.50021870594027,8.74504864920658,10.3914732704427,14.0074689151734
"212",3.87613690292812,0.0649492198520374,2.74328705266518,19.6568599327336,0.0990786471278944,7.97490474266451,11.1905222853269,22.3087809406461
"213",0.610513551807837,1.39544055231322,1.16875955468753,2.89345286946302,4.36059179703202,3.44071607285401,-0.0613315526958704,-2.72414848352767
"214",7.23610649917201,8.0346005042644,16.0005371432561,30.9418672935274,3.40607533267412,12.9603766066695,18.3159598458294,24.8750557384393
"215",1.01017221806959,10.610214437746,10.6787321632164,19.4763272866325,1.08801257962697,8.44552034179287,9.69180444178106,15.046466768071
"216",5.65779745040772,6.49278365891924,4.04778224031842,17.0878110161855,2.6033759694685,-1.7226552538201,4.78597651438932,6.07207412472195
"217",5.59476782960253,10.0162696068831,15.3401863807331,23.1595744091158,2.04655794538039,2.83344599812533,0.661462855114683,7.72107739318033
"218",6.66946566056431,7.47354199569065,10.7733422203981,20.5983208127425,2.04828370348715,3.25912396178439,10.8185079527797,20.3587950526513
"219",4.726763684629,3.8212579930058,12.5847534384049,16.8240092298837,1.4933495437644,5.11186627879549,7.64437314520793,17.8728133775206
"220",1.63646967825384,3.6995216230124,-0.0787730375740257,4.43930431584375,-0.71936814304393,3.52614187065902,8.96372646484918,14.3429030967464
"221",3.17815750305811,4.82868909022744,9.28522556041836,11.5283844381364,-4.69037777571039,-2.55220467727808,-0.924873852799246,1.25205711141913
"222",1.92148694069026,2.99449836482098,8.98712093542613,9.76372049223101,2.78746014754814,4.76635671842883,5.45139821484434,3.24759118124123
"223",-1.31939858008203,-2.34218321314018,-4.53051631215711,-9.86847509720843,-0.216418200909788,-4.07600376597773,-3.30194942954026,0.0905941217202049
"224",1.92494507939762,2.48042674367848,0.287363302448238,3.63210359844717,-0.170156283077596,1.36307791877574,6.25356988963325,2.70492214439945
"225",1.69611227538136,5.32964566768795,7.62911137567708,10.8339797836699,3.58383832664291,5.43817564813799,5.99411800525304,11.8091049992001
"226",3.18182842353016,8.68326273245128,12.0505810940319,23.9484598092105,6.47860484887157,8.01811040569057,13.1141546069162,13.7454323292197
"227",0.534290327876547,-1.63692544084328,-8.55993396878542,-13.0669199259883,0.937434780918285,-3.47723294201972,-6.004539806178,-10.7319790012424
"228",0.163927227553196,6.56536639029991,3.43122585705561,9.77312813696886,0.725034801736882,4.30141736227198,3.68745715012444,6.91355634203004
"229",5.95250253356521,3.94235659688507,15.7220438430751,19.6103678934918,6.37306700362031,9.53516138687683,13.7449059510378,17.1432300787364
"230",1.39394138894656,9.19963173591272,9.60890246962761,12.7679104244319,2.78978981671634,0.757725575631019,8.29711803327222,10.1496278686544
"231",1.86468831075742,6.41992333543933,8.09567902608771,13.6297926925339,0.572364874753401,5.12459097777799,14.6313964174654,20.0734263287879
"232",3.42776750248888,6.84135444668993,9.34227955688738,12.2704395612297,6.13043147190442,4.92993451043571,15.3462298186338,17.9450891739925
"233",-3.66838851807804,4.39440471157647,8.79782130095123,23.1690464636028,2.02981917308886,15.4615697542619,15.2021245464767,23.3456612512676
"234",2.60111985722136,3.40410656061403,10.122861531256,14.9593416284811,4.79323043523998,6.53569562426694,7.52970260430857,9.46331814010299
"235",3.8384016434936,5.09154806817089,9.02551950541935,10.9895007561383,2.2019142850304,4.51634906296641,0.367516703731676,13.6572793326259
"236",0.588522191884681,7.2864395367612,15.4197436535351,26.7272509828073,3.11300547724831,4.88244188449114,14.0196350862768,21.7597375033664
"237",8.32742468515129,11.9367339191959,27.4334746542471,38.0493919693769,9.6663129534208,19.3999358843132,27.5883301506437,44.2513696331645
"238",0.0586026973873359,3.76373132403132,13.2755963662739,17.4780351323606,-1.91899689776721,0.714183932197274,8.87703486118688,17.0805533304056
"239",6.37881723151978,5.30814180835856,9.83292218844756,12.5900553917632,4.39620280094371,4.43140565485769,8.90896119951582,13.4364160991944
"240",-1.00038992650757,-1.95981941213063,9.49241030113951,6.87682264590073,3.32522253247293,-0.661130935994712,6.10555413745602,11.3275591476645
"241",-1.31543968481422,4.13433782855335,5.03265387642275,14.5826894810947,-5.84545168779771,4.29917869094656,13.3467613705363,13.5365858567392
"242",4.16857569806906,4.56172756339248,7.1058074354229,11.5157509514354,3.22948308841871,3.66118263694889,6.5455804055985,8.21361817056501
"243",3.21171554667046,8.53486009111775,10.2480969818296,16.0674536699796,6.80976092555545,9.47967880060776,18.1038676822207,32.0201388641066
"244",1.21185825252558,0.801670069049049,9.99110765848081,10.0230597638082,-0.374150870381213,1.24324454708881,-1.14889297800591,7.44301020020641
"245",2.76096371647359,6.97073456389891,7.24956280088055,11.9544483112892,2.05292722444252,1.14755888547352,2.54270847958736,2.03636813742215
"246",-1.39144875571511,2.78937256895665,9.9707147802386,11.3018115015715,8.03665715161075,3.88397913669368,5.77929321793143,12.1082269581987
"247",-0.337378560292331,-2.57467569916942,-1.72499894573093,-2.82072543558185,-2.1210877952889,0.616479658599295,4.23384993771955,9.77377664906115
"248",0.200086533525884,5.0166161170088,2.13504523047976,13.4630243341003,0.567961273504292,-1.49181028687718,6.39806523292464,12.1204337444393
"249",3.21986138157759,4.80812878060497,7.86616050697679,11.537345845956,-1.71950349134591,6.43278061008257,8.72519766487041,10.1612700837355
"250",0.714459864413725,1.03577479497647,0.409301900529179,14.5406918826628,-1.33224225154272,0.572039987188894,10.73471633398,14.0090455682825
"251",6.24517827981267,1.44389899981864,7.09502857662932,11.2047663709572,-3.42453302228454,-1.60491662433121,6.91856016330608,11.1402613289704
"252",1.90820825832344,2.8408181200134,-1.678614265703,7.61295132958717,1.1798774195217,1.34911956100456,4.82439368424081,3.38983744588905
"253",0.472211844277177,4.37009889231973,3.23321156749377,6.79177629013729,3.42785883434029,6.10653531334649,9.11319462864244,12.9062467602036
"254",2.40425827508171,4.14458993019678,2.49593659573699,9.91229504746062,0.709293227705414,6.66502253330591,4.28242196885518,7.16426049752216
"255",5.10630535980688,8.04521967521333,17.0454780362127,27.3862051865432,1.90718850442565,1.2061464188149,13.7231423379348,22.3693876937842
"256",1.81405151972929,4.40200944573043,6.50683396409793,20.5401679189945,1.0510856320474,6.10991615133418,13.4853940609651,15.882968902878
"257",0.652975624075515,0.449314270562983,6.45083037796665,2.92427121320927,-4.08373009363523,0.425976259808475,-2.20252793359147,-2.03393661324692
"258",5.53841358302169,12.0701418543745,17.3226422338504,30.5417879592052,1.43744716323685,7.61081127327038,9.96427819065742,19.9302411048887
"259",0.123849588524985,0.520512644683355,9.92224655775001,13.3618677255385,0.0326993469557177,7.27250698415104,5.47378057145229,10.3680449533841
"260",2.58229529888945,5.72527149909874,10.4757373882305,13.3210557270466,0.877923324343573,1.26602044826185,7.89666270600966,4.32140321352533
"261",0.156657285324104,-1.44062369299441,0.931161833540399,6.34951776457762,0.701033004276282,0.0755196810475676,4.98908216891666,7.46432083644061
"262",6.97390679526456,6.4451815167229,12.4935026108798,16.6371338084465,2.09333217134087,6.98693509741126,5.51612152113727,18.7800955416963
"263",2.55530352705646,3.94975585556663,10.1314958295722,15.6846592925478,-1.94809297456805,-1.30223376274613,5.71337298606842,11.9794958029408
"264",5.18241324121701,-0.116930370124796,13.4900160188301,31.2670067795905,3.97623772546594,11.1970777026054,25.168760986463,29.8317113915559
"265",0.4483279699054,6.32516183673002,8.14092544452576,10.4595471794616,-2.17951971665561,4.50554804565285,2.48368691054018,13.5095290145986
"266",1.25328374594429,4.74070087927558,7.69104852646175,18.4726902444129,-0.28550796049969,6.40709345336935,15.6839407526395,24.181177697678
"267",1.91940276439362,6.4418373623298,6.7963640539044,19.7681110247741,3.99223606564597,4.94895758465557,9.09635061123185,14.9244149222769
"268",5.48095489902058,8.05129715658202,17.5292400613924,26.2849898400207,5.43189368800565,10.7307573536785,16.1720668819854,19.4120842002692
"269",-2.2723226210271,2.91052786955708,7.06411683857825,9.78434557389527,7.46817695585738,3.43988906631606,5.54023225453341,12.4345982217866
"270",0.22413105132782,0.294843637063473,6.30752985260856,3.88169162914625,2.18862613026491,-0.0419597638376876,8.86503089041593,11.9818533625664
"271",-2.72261287942879,-0.613323168837759,2.36713749854903,13.3811654904859,1.06988381181476,11.4215453616052,13.6664840010391,24.9614083712597
"272",0.293741470747487,2.62776729632052,-2.730304723791,2.61809782323444,3.60476075974303,-4.56617546779283,-6.163661391769,-2.78244903473185
"273",1.90122952233646,3.53568916846463,4.06275694947965,9.82026256566801,2.54055352109516,-2.60150619099449,5.13087600932722,8.69760479633241
"274",3.48762654950437,-2.65502293707522,-0.294417364544364,5.14631800296938,0.0801996517292298,3.33004950917334,2.59319192484847,10.807015953946
"275",1.95436577255937,-1.42023325479087,-5.32501280315113,-4.02971050887301,-1.1956320041351,-2.76809457611353,-4.33638962291747,0.0385519770725775
"276",3.1181611375025,4.4603572008785,15.0684947809429,20.6802744869883,2.73223422506461,4.40948332278914,9.6154829625521,20.4275850894422
"277",4.755097186018,7.96131608613861,10.1642171975533,7.15453053980836,-1.12294874405666,-1.91936065426505,3.25414019370369,3.28824910355246
"278",1.22194495491447,-0.795133832799878,1.78594563548609,9.77494258669947,-2.09519864196549,2.68930465164153,1.9494838994051,3.86920694020179
"279",7.06296616140175,6.88951707759691,8.70421574304109,14.8676232567786,-0.669061112912447,6.07151993930934,8.66188531410676,12.2869884059243
"280",-3.79887137136809,4.01724948340436,6.44390783226482,13.6190914491765,1.97620010402527,4.40988716138367,7.01412867916146,9.73335371987539
"281",1.53015087368296,2.66588917105282,12.8885898053946,20.3088724212955,1.09800884617611,14.1511109062235,20.0713382403978,23.4347156315689
"282",-0.686159384725757,1.64018773186022,9.58346368318175,11.9450512427441,-1.32360810864407,3.97274790849444,6.55929062757542,6.61197640347955
"283",0.416316718989523,7.34465596111302,14.7911272097335,28.1559825637435,0.927404281188234,6.71788701739597,8.03912023118676,13.5902024721166
"284",3.32653442378779,4.631974567443,3.20505617815225,4.32166693870552,1.81194277581011,1.8456298744771,3.10367622211854,10.5885983633188
"285",1.41281999182787,9.15811244649056,19.4954893444512,17.9688137975871,-0.775752952245045,9.25882666830141,10.6048589592987,21.6491521455124
"286",7.02720320455155,3.82392717170015,5.90830625334911,13.2137702847784,1.96446339804667,-2.23846007218339,9.74196788324548,9.83663792652604
"287",0.142284921350947,6.83001738871732,15.3975961004453,19.0117281303168,6.09494487951573,7.16420090320304,18.947894319688,19.8034311460522
"288",2.6071279761111,7.65529831612276,20.0971647630838,23.6484595871566,-0.83938898747016,0.673674462581618,0.945916882683258,8.7559155676967
"289",7.08871304693289,10.9234296723146,17.8264994367945,30.4978075263386,3.32149221237264,6.43454767601361,14.3972646670172,26.3429970272421
"290",0.945850700666266,9.33256749569199,6.48324867856231,13.3158437046472,3.03472796348334,0.411771336537232,5.76017508228063,14.8852784452702
"291",2.57079250687236,2.17923132441703,0.950483740702657,4.40901272060017,0.697534958653094,2.67896669359576,5.16837568326743,6.75431490804012
"292",5.82128247524296,4.24755463070695,9.57900836632506,13.2970137245917,3.48746046614368,7.20222534799569,8.77042389438407,8.28315806504301
"293",2.93622850212965,6.77962922973597,22.7695724323026,34.7016513122062,3.75007167905705,7.88785465834373,14.2507434137463,25.8791501173281
"294",-0.185341252907484,10.1423520822019,11.8361785062827,17.820060320747,2.53148592549016,9.67425331139458,8.7781463646089,22.0161262014487
"295",-2.04177835717161,1.34327041153275,-1.51457770508278,0.0874476520333793,-0.287030850545471,-0.755280347003574,-1.19993312814202,0.679459332212204
"296",-4.31577664824273,-0.575574873475796,-3.92229618799426,0.0756827686423449,-1.58984748938269,-4.44017907755731,-1.04642488891573,0.300059272506424
"297",9.70900718163394,7.60403452051807,12.2123574266872,21.7965080872992,3.12827448391057,13.3961582093175,14.3596240586567,27.6045969504121
"298",2.81855679767678,3.33716610974889,9.84442852775215,22.7830851377212,0.826561006284038,3.40714130821875,8.25340945722997,15.5808601747496
"299",4.47213694340448,5.15408291062881,9.34492271607752,15.2466474945625,3.54372367468948,0.108746791974143,4.56981368298066,6.4772430785392
"300",3.2339702013884,6.49992683162918,10.3456589079564,14.6804048146071,2.65416746887307,-0.19088849616023,4.12536369042516,7.56154080266463
"301",6.66212952477431,7.738457624726,16.8000117135977,20.9675291973657,3.12092597459765,4.41560850517022,8.65823550595264,15.9853442339731
"302",4.04416506034818,14.3514099581849,12.2092120265292,29.1269654331492,2.8564028897746,7.42744914430963,8.84473051374142,17.3404318550673
"303",8.53715599427072,7.58302092576004,10.561652417499,14.7290918970863,3.06866289204575,4.0118794883033,11.3519181432002,14.1341369277477
"304",3.67938956415288,-3.3068066126598,0.344693955993348,0.915652302298867,-1.85891604035621,5.66962976491347,8.75810054189262,9.12957063199079
"305",0.457522811912938,3.98726663352908,9.22073899163147,15.0967660825249,3.20556791574862,4.20457019863098,4.74272089456713,15.2655887774655
"306",4.16737533085123,4.52497590979315,10.9100295471428,18.9313798247274,3.20627632694492,8.08644609322389,13.2618850221927,21.2880488134657
"307",6.1389114744243,8.30228083069894,17.1957598019438,20.1029575375585,4.60408060047599,5.05110362626982,11.2953277038909,12.4067998096262
"308",-6.05876656805583,-0.0850243848777552,0.948796303233291,1.27147056554904,4.529652085131,0.50881622606049,-1.00998099730707,-1.25690315550761
"309",1.04067953434283,4.47128345133125,11.9352871998008,16.7480034698197,1.87842714901791,5.14705388469722,13.8687000145461,18.6058107661188
"310",-0.0216627125484061,4.45538905761652,7.99259335174511,6.84390109302567,2.57830381240091,0.809422576667536,7.16185734106306,4.28406448104041
"311",-0.400294636370147,-1.78580456401036,2.50251225967715,-2.75469193374681,2.84045197655103,1.70705588818951,2.41649515177751,3.62277734256362
"312",3.06145445787483,3.83094895748394,3.62137798201007,9.17214253316501,3.36474563830101,7.88194114956188,5.86865427942191,11.5823282612766
"313",-2.64695786162601,4.66242782148536,12.4653490013927,21.7828455690264,7.47049699454163,2.83242856136691,5.79875544634032,17.5501039710838
"314",5.61540090694173,5.60836650181112,10.7255549448335,17.49784752664,1.20903267117453,6.75497622322769,5.6434284806947,11.0482414647584
"315",2.9985706243889,-3.37819758649139,5.46835537327027,15.9742787619464,-3.65669335275203,6.37092647611855,14.6567674194286,27.2357405778281
"316",0.312730882175775,-1.39891039159386,3.11616151264175,5.31961016027255,-3.40505744834617,1.79695257366367,2.05180397927527,1.91857689232604
"317",-2.8145265410665,0.295983534355189,11.2179434356633,18.456063951248,1.88154986991185,9.3817268685166,10.8917316997298,11.3320381228433
"318",-1.81795706921459,2.62621292966159,-1.75875408186631,1.87299147435164,-0.868284157311222,2.44373623241738,-0.458791601009187,-0.126108707739281
"319",2.7622864287799,10.202132896329,11.7625039733898,21.6548411426196,1.10172216233487,11.2553940836851,6.25411410620629,17.0897513363673
"320",1.1007995277857,10.2078964609717,13.104843481459,23.8108373159825,2.1306752050337,4.2977590035238,10.4404886940217,16.0541063144668
"321",2.52880330614031,2.8374307751756,12.7446017194312,16.3717157329707,4.00035942010428,2.02239680274073,3.24498128862132,9.97532671911416
"322",5.22010640344782,2.85117700312074,8.95697630033162,10.5909960987424,4.47661420559676,9.39513097550826,9.86522591909923,15.0378871867752
"323",3.03057181971277,7.47486892729565,14.9458426135799,22.0767603625563,4.62326309725734,9.20229156615476,10.4167518260005,11.5355015308901
"324",4.0434532030225,9.4535905417387,15.5671069074433,27.1154442449952,4.96464247695268,7.77051362574402,15.098998059668,32.087152550164
"325",4.00506269544916,5.67019258693803,7.66082353359589,7.97476192283285,6.06569834112292,7.95880602060729,14.5060227098662,15.1565948692137
"326",1.72867492071609,9.71225608008145,10.0388286930162,16.7870865159558,2.48542306885486,7.66574893838056,16.9794461091324,22.4873157858775
"327",1.25887159589183,2.40814691450898,1.65847893502243,6.05077841149576,-3.01676751529648,-1.15041711900519,1.40803084483283,6.00654311083711
"328",3.39964490555525,9.3682168003388,16.5043158203438,23.9308196540593,7.74388938723748,8.15889201642363,12.0435512540328,19.109267320437
"329",0.562832220463006,2.57232087416091,6.89748219410736,6.92887686570912,-3.79518549789945,2.49306373759117,0.899096940334797,-0.410264217516385
"330",3.51222814415373,6.8470272325925,13.4237731413008,19.8784311555126,1.12958013566514,-0.364885605894929,13.6493083916488,20.774470367737
"331",1.88758547518744,5.36503705659007,8.23779020086728,12.4883450048823,-2.99792546396454,3.71223442476532,9.18798144891863,8.87384384890724
"332",-0.367740555225062,3.00763309967359,2.41226264942876,6.5802530234879,-0.916325371042127,0.172672835692546,2.67278067636103,8.497872349669
"333",7.02019695580855,9.19936398972962,13.1497788699391,20.2563851039312,2.0222709719777,5.69586130164598,12.1612083840761,14.4520672842632
"334",-0.684957866110857,-0.0393171368359111,6.34032822022469,7.96850223358088,0.705240252333711,3.51209543438102,7.01933546351041,10.9524742468365
"335",1.5002586087016,3.83241468634041,8.5144905746264,13.6407875044674,0.236893491944678,6.2325909969064,12.4122892615171,15.2449567422981
"336",3.2977478844766,9.23715922550895,10.9236160556576,22.4762470402426,-1.61796200363526,9.03272691623944,14.9185058632182,28.5668790997596
"337",-1.63616429994214,-0.366795502662905,6.32312503856999,12.0026862067584,-2.39776303398939,5.6405429107494,15.0792452550469,24.215702965676
"338",3.06413029563753,-0.187230512110486,-4.81698156158068,2.26624296171478,1.22392302305601,-1.51474510027437,1.6513546878099,-0.314473507876533
"339",2.93643998361427,3.48803644343671,11.5401746519857,19.3456705737943,1.73336906549953,1.09982356375957,8.51649808199049,14.4394827641487
"340",7.31898739607116,9.2625949362212,11.3360608420589,22.7878647289656,3.29783171591585,7.53695546103621,10.0103978223982,21.6318380572542
"341",3.51736061038458,7.6850104802459,13.1323488213797,19.4092218524502,3.23964364148983,1.79158279671037,5.15778464796913,9.03721336021834
"342",2.12018649655724,4.91764097762736,6.14827015902782,11.3397389509639,2.40568765711178,6.90095232222079,3.68480980777235,12.2389327473761
"343",6.36140791439288,0.275526290317404,0.161155084785973,11.0234731352544,6.13740194458684,1.14228270940563,4.48514026868031,1.35466827232083
"344",-3.87899824980699,4.91914519395948,-0.443728736042035,3.82365032757663,1.05267993270618,0.137274559667856,7.36783913932199,3.22526439942943
"345",-2.6155765868036,3.33709491655777,10.7160316787898,15.0706818746182,2.61854587317555,2.80659297146769,12.4527013085403,8.54666006409804
"346",0.13724161211862,5.14877601747148,5.4489083199849,7.63300410200331,-3.81296074120328,0.74397777268371,-1.68107419258924,0.0845289479672271
"347",6.47567066557842,6.24247009737568,14.144467700637,20.8902795117769,2.03991245843743,8.71260131589744,9.56463665437926,21.5579479965057
"348",3.48862058479531,12.0448064039324,26.0993370848524,40.8370279914369,2.29795804302954,16.12544204519,18.0253587716983,26.1031680381487
"349",2.42670378589815,7.56661176625427,6.86268618284398,17.1350213024716,6.15556387664825,5.10629048001391,11.0273027409031,22.2043313438222
"350",1.89299341896998,10.7738451359261,11.8579559911696,26.5675417319721,-0.154567201420619,1.05888702317182,3.298815867196,15.7836013150101
"351",5.14748262131048,12.2056184412632,20.2819682332402,37.1498283731901,5.30693027225618,12.2781348893274,13.4778403647927,36.6641174119971
"352",-1.16665898386709,2.63598479278164,8.37084656515083,6.29075608969789,0.189944075839376,2.23752745466833,9.24402807151368,9.47006261091139
"353",4.85888786903001,11.5835338893816,17.1878209246171,24.8311665944008,-2.97833403887995,3.90683361124831,8.78773213337702,16.8959043829173
"354",3.63055479878904,-0.130338906195422,6.66222813908761,14.5981725874737,-0.825771248244601,4.56136400829758,12.0301082570118,21.2877513731058
"355",8.90641087518363,8.62055070334897,18.7815625088885,33.1882956561408,-4.33164312727254,7.07143511908151,15.6119498742533,24.2999709217263
"356",5.84117022843773,1.02421271391427,9.38950886502822,10.3407456909158,1.81547702630284,2.95932717350473,3.60746340218061,7.55314221311717
"357",-0.543003730245481,0.580819490056391,-0.375919692646026,-4.5053597074064,-1.25701775753948,-0.274162582026813,-0.318668859696189,-2.06368006523845
"358",2.46666553546527,6.21598508355721,16.5074206664564,23.1338652262765,6.30556182473394,5.28340201337491,12.2990308698577,20.1247599530594
"359",7.40141435515721,11.993394826541,10.5608049191918,16.7921922780728,1.3213244693729,-0.961429827601232,9.51421598653664,11.7058513716429
"360",0.998446233545678,-3.33324196157708,-2.87279557196678,-3.27587944747638,-2.03780479248752,0.435190601635948,-1.12157218009027,-1.82071269279219
"361",1.92058990889136,1.4989911856446,4.87366522979201,8.15273048454675,4.48899217435963,0.582184375826985,1.55680548078308,4.30806836190823
"362",0.4762091286335,1.64496029299945,-3.69515823149609,-4.63335055678946,1.84995160711943,0.218965032057775,2.2781435313522,-3.00740967463038
"363",3.25810622080103,7.13619351537531,9.03359587739623,16.3436155237114,1.39219009786936,5.36893729919529,6.06930683453164,12.4027531860307
"364",1.29627160262183,6.68712883063669,14.2366782893332,17.3598107998692,-2.19789066815395,1.23842121804779,7.39150092712029,13.35954438905
"365",-0.677004619063723,5.27392001836763,8.80457095414776,23.0368882876422,-0.241942063708032,3.39103192851309,11.8855643015719,17.5730436024891
"366",-3.16790473383224,1.82348066011078,2.03125623166789,-2.30455559896863,1.64099834082803,1.07770609230476,4.00251058585378,2.93466279939171
"367",6.94268111751122,9.24905761429409,14.4786828740483,26.2193333868261,-2.42050624933794,8.28628159645769,17.4573416890571,24.6335343884706
"368",0.353693986301312,4.9786658581053,5.6419939407583,13.2756886396188,2.95874218154165,3.24599621712742,7.60735696617851,10.0241555776108
"369",3.28698097523653,7.60009989320618,11.9324428275437,21.8673668043198,2.24886115676665,3.14962491700643,2.73979367359989,8.158585363868
"370",0.496887567719211,-2.1741466418233,-6.50460770108583,-10.7428692356255,-0.0588571526363286,1.52411766786001,0.408149541032109,-1.569514580348
"371",3.01730648798493,4.28126033835493,17.3992988380403,17.9800790193896,7.28224667080013,8.22909921088336,10.9263204726815,18.0302783556839
"372",7.7107272823242,7.04530517757523,20.4097644400635,31.0748533338437,-0.234155067167054,4.11535813675266,12.8202395323645,26.2971221620505
"373",-0.92760348273598,7.63782848825113,7.51009651404323,12.8294622624621,-1.88852009531588,3.3424098507864,7.60278135119922,11.1586811217983
"374",3.60379556628765,4.01447555849087,12.9022957504847,11.5338127649685,5.49280970445375,8.28052780630151,8.08650266279538,14.3232484355263
"375",1.38960873986091,7.00984331773796,17.2380250819058,28.1204095346607,3.48864004690893,7.85977229277001,8.74867897025502,14.6746083730475
"376",-2.04959339392775,4.00872823679678,4.67926469734126,12.6820638677046,4.04564394865294,-0.37516780226245,7.74999021776081,17.7719822159613
"377",6.87460967107021,8.58616710534152,7.79927446446771,16.4600987646771,-0.652604957248462,4.20484287067787,12.6451850010119,16.1759606382996
"378",-1.83099224791746,8.54682992426397,8.56301285081724,17.88842054847,2.27082068763121,9.49256722220196,13.851385636585,23.4014395888139
"379",0.16777716357457,1.93630528969847,6.79685762222694,5.79001425470777,-1.32706986111228,1.7984670002754,11.2354493713082,11.9379721007152
"380",0.517527127265341,5.94009792023824,8.67691758094806,22.6773672943033,-1.71095176865613,6.3008815359735,10.0300359086721,13.1080626148725
"381",-0.491111889911005,10.1801635127862,18.1199900094896,35.1127559651121,7.45540296957164,7.24575738216726,14.8861173005445,28.985719657285
"382",9.3102281454249,14.3876730653448,21.2443018353895,44.6178939175456,4.35431708820433,8.78327578312458,20.1638073290483,33.0505624962989
"383",7.6893719729452,4.63149034666808,13.1795403193278,21.2871957735521,-1.03779797006413,3.1876782334489,8.48711293324307,20.0410482764146
"384",-4.40645503464288,-3.47380944729219,-2.70538046345323,1.86236509036413,-3.26122050350831,2.47173522381204,2.77300768666434,3.86823487502146
"385",-0.750620076868568,2.3190582000034,1.86974159770544,-0.179824295065574,2.32575893626187,3.33848290681862,5.69057839083454,14.8174178083645
"386",1.87319134533746,0.40174345066707,-0.675524297450544,1.24815179026703,2.24515205927931,2.29476665837384,2.90255022013739,6.9762896341457
"387",-0.185715655404854,3.40665059051911,11.2020378746245,8.91143574232104,1.88489805361389,-1.56720364697106,-1.57767624096219,0.572365473957777
"388",2.2175629609167,6.36147524993667,6.77628060582777,6.99678654668975,-1.44948252265332,4.84814575121125,7.51565520720078,15.2493596805961
"389",2.73448638928009,5.76561710875144,15.4353083621017,26.6945029696388,5.37459501128725,12.541186935501,19.4512509679129,27.6389651731589
"390",0.289916689035651,0.636725029776794,11.0516730151806,9.28010917065344,-0.577578756349877,6.26415553393112,6.70223253757448,15.1183861553706
"391",1.40871918395386,5.63272951712426,1.61461246584345,1.46435737379375,-1.52793745617807,2.41633330016144,0.639430678832575,-5.23160884322759
"392",0.639606052443598,10.163564968167,25.5290995160609,44.9365273418059,0.997189167398486,15.5114516235914,27.3165252803825,46.6366502806426
"393",7.20701676573066,7.64489980409572,14.8308091088922,16.3367103544489,9.07303738044185,10.2304682333992,11.537409421817,23.3334508916825
"394",1.98939229878205,-0.265275945946908,-0.391661780948084,4.47923336716783,0.270088733966811,3.47149847369882,3.19452388597536,6.26044924817932
"395",3.27955718116409,6.41181356868732,6.80290843200236,9.63919043729764,2.68203086128513,-1.09285147862884,6.05342119447308,8.73493146177737
"396",-1.55646251991351,2.8404066814444,2.26833400506407,5.07820938865385,1.12465321720782,2.7546741944403,5.01642056344479,10.8565435171811
"397",2.05641829068936,0.716279652074921,7.06151638009986,11.1449677676695,1.3145288767611,5.20375457300543,8.22716956890151,7.70318055466262
"398",-1.81490579735959,-1.96460989297114,6.07038429429318,12.7167261877114,-0.605853029428103,-2.1081830043907,7.13847696025523,9.19631285031352
"399",-0.848778108510345,1.92749313253015,3.17647534706194,13.1260234718153,2.40511628754939,10.449766473007,10.202616178332,17.0990874968379
"400",4.7053307084521,5.09616064884729,10.143406121279,22.962247540228,5.48392373391324,6.95926169262219,14.1635411843125,24.0545931181462
"401",-0.994779043768906,9.64819338083019,22.1596644438228,35.866873706147,2.50846363625751,4.69498975568972,5.60539327895762,16.2214242214888
"402",0.0125112692886415,-0.0644012023919966,12.0129037582793,16.6919055094145,1.6877687561852,4.25633510196151,6.76520220231626,11.7185808467077
"403",6.25875987663502,11.6457593485008,14.2497488085623,21.0767157159877,1.23842060701218,0.859939997732353,7.24633131433274,14.1899909506287
"404",2.0745964317947,8.2463694455793,10.1642850120572,22.4725432825936,5.81213015811151,7.18537192770241,13.3092794999533,23.7426711527635
"405",3.27266496277171,8.46094735545574,6.27885134444784,10.7598518231985,3.9908736062916,1.08777504689509,1.70601468456313,12.0145413963723
"406",6.1721225820533,6.8382638552725,5.27085624447879,9.52924324910082,2.6606005670468,7.2097437040955,9.6543222647965,14.6620489368763
"407",-2.20367201921504,1.83943135983399,-0.545772789959004,-0.186471366270879,-0.661943505909581,-0.0718650871969091,2.0053425685302,3.33166187734718
"408",4.27021871444001,7.91614091848002,12.2579418983989,27.2449928689577,2.52919521488222,6.17311831247942,16.320247937805,22.0300106570153
"409",5.47406383706313,5.6187367635438,13.3819652934916,19.230327376924,1.75415692528632,10.484500973214,10.1081573454165,16.4996139366906
"410",1.78239906370961,8.80458453412587,9.99242672569665,15.4327972989336,1.19004810024704,4.55119382465671,8.32289255691483,13.19345037649
"411",3.90698896504228,6.91472388969832,19.5255059139228,25.7533364125371,-1.03847866638481,6.73115870634823,17.8628377520466,26.4647997965386
"412",-0.32491493950024,3.32865673272197,9.84423531015387,24.8907032061945,2.28113244867377,2.34972766262944,7.76653375246385,11.8851285367098
"413",4.21647911396533,6.33858866230926,11.5612517030043,19.0205098583021,6.81538682397046,7.7615928578205,14.2322192025939,20.8112152125604
"414",9.2296124240995,8.30033197725381,21.0120663071137,37.4921525695458,-0.284327429440201,9.28055038006948,21.9116050570769,28.5063704757228
"415",1.25755135816617,8.13355524082326,11.0629256098,20.1334659685523,0.0958173419271153,6.16575293335644,8.36690365705401,12.9890479224686
"416",2.13705726058372,7.61122080798964,12.8179148168504,20.3404722371104,0.214749872076888,7.29260436697201,8.57665949915466,18.0593834844776
"417",1.89561694391243,0.297921329041843,0.590632703681754,-2.82252662109773,0.703980484583657,5.49179582156831,8.17424156368355,8.70798139626977
"418",2.87537698687781,8.77674124983006,17.8596350551426,24.4257575115893,2.46830033461145,3.79700844409998,8.61690098667087,12.6042142372417
"419",6.53952444474354,8.42283970265593,5.41556359441606,9.38263447696963,1.62925420293152,6.36771713571521,5.97576551771637,5.68173130828198
"420",3.9975883516631,6.28037834534313,5.60976674746569,14.073497342221,2.41774973051413,4.49325101929661,10.5125750076169,10.6654108366842
"421",0.928474683993855,7.23324509236796,16.6524129693305,29.2952821425951,5.88634742896059,7.36973321874581,15.4620315925903,20.4300439989224
"422",0.517823134791241,3.6948478791253,6.08803138285799,14.0164555284458,1.23094894819637,-0.956300194262366,5.78116182967702,10.2869649405419
"423",3.06298183619592,5.00305556098292,12.6870635186323,12.1111393743924,1.82849530058286,5.28529309968498,15.5650935416499,12.2298791691025
"424",3.62831522063507,2.84363587900964,6.43901919320535,13.4319388491132,4.31318982145596,2.43642106605218,5.43280665871445,15.0240904126136
"425",0.147003671577046,2.75563312779406,3.44839965469146,13.6492211031721,2.31423061548157,5.39604229520601,-1.47241159245167,7.16737212397289
"426",-0.471157761829819,2.12888899662708,6.52347058155719,13.7342994182069,7.27854854273713,7.27047241818858,9.97190341495482,11.9836158009166
"427",-3.13093975989543,1.24454018707206,2.00009335031862,-1.98619237252842,0.92660657851587,-2.23227411862481,2.4214218861422,0.847303155570419
"428",1.40357446145045,4.11172111626703,5.35161994746533,12.3914032019266,-0.42730387713042,2.94184809177984,6.56857851296729,17.8218159577797
"429",-2.45603141570559,11.572923609859,20.9708008776353,28.9148825334663,0.534814036366313,5.82214718340874,12.9791259751604,20.1272828074117
"430",3.6496292343631,2.79529482244062,3.82131035533484,12.1752125721717,-0.923160721941138,-0.0504953459968913,1.12515552707328,6.42364754431957
"431",5.80221563373249,6.54795676763708,20.1338268215224,24.169048262728,4.02062723973629,8.95653304631318,10.4079174129816,25.8176333927726
"432",3.79042399936357,8.98469228306352,20.2229578959758,27.9670996215613,-0.0672250853879173,10.7280133315579,20.9311215238617,33.607418106017
"433",4.93134026971815,12.2630394603463,14.5393877305789,21.7663569908641,8.26416845097733,8.3773224060538,10.9401890018646,18.1776455834973
"434",5.55398888527036,7.85526897936736,18.0997965700043,22.7834623204539,4.40475959317321,6.81046638788958,10.735108106133,15.5233587633963
"435",-1.38201301710559,5.04723792838519,9.0690232077606,20.1049548772209,5.24792140655094,8.58504057143918,12.9576460027873,20.3317574595438
"436",0.535100607874612,-0.221057915083622,-5.36101417513144,2.2252303198612,-1.14693203343863,1.06155971284999,4.58937560441752,-1.63441599127127
"437",2.950876842686,0.452373243042684,5.26809239904094,1.50636187853831,-1.32371381715335,-3.15038260507608,-4.22831263905275,-2.24208183056741
"438",2.75801791950838,-1.17678364881158,-1.59868762521156,4.04030922454713,0.186100342631965,4.73332278600782,8.23744047758117,14.593101534296
"439",1.65978068914162,4.52572229158422,13.8703919801506,22.814583922518,4.54489914017423,11.4478505313822,20.7743969435192,26.6765081370046
"440",0.459001205359028,9.96309407282368,13.6514346640472,16.697563692337,-1.35661728317308,3.92362836962195,9.75193071057468,6.10477991816819
"441",4.34224817745783,-2.33527720709138,0.304106474979722,6.03389410846605,2.46318135819186,8.68546873067822,8.72090295898364,16.0379354898456
"442",3.09694115781424,10.7593684146442,17.3473993830548,17.0716350209255,0.159640712384832,2.46800412114415,7.4626836982963,8.81230460032106
"443",2.25763766737749,2.1150880510181,10.9492053873041,11.3852757984679,3.5188208487468,3.95534728298844,6.02576888224715,13.7613234106911
"444",3.31091298356803,6.66865280239206,16.991528624423,27.7017643980223,1.06662374723353,4.70790399473372,11.0903608320981,18.0186345779612
"445",2.46676411627349,7.76705065018708,18.370244957231,27.2423334274888,3.91699885761163,6.79155612562197,12.7189567180792,24.7145128572391
"446",1.9757900843053,-0.407793942711479,-1.00386346184135,5.7157902925426,2.53721410475031,0.523586909267018,1.39809884967252,-1.22695757251343
"447",3.65546786436429,5.78399990427043,9.03635261574003,8.57342883105255,3.17213472109407,3.50038998811647,7.39450258994372,13.3527063791128
"448",0.571499851695791,9.78506909648974,15.1412848616091,19.6186626033581,6.42645358132283,0.590889166314573,6.94834221668477,15.7915429858463
"449",-2.2378862930345,12.1474432078763,11.7394293005619,19.3756213266842,3.05376550777352,-1.60572543962384,2.09063672772014,1.76191324244796
"450",0.498234879800205,-3.57454781714319,0.00487721682516806,-4.65489645511286,-1.79196991226097,-4.25485780887793,-3.57265557409142,-2.12074904111999
"451",7.50719916641696,6.33912788409876,9.02995075020831,12.5565369347891,1.157680282216,9.10946232332662,5.13031733093226,5.47581858039565
"452",2.04253445351907,-0.0520006335179319,-0.471816893448247,2.35211465706608,1.8705130343464,4.11864626507142,0.871626164756812,1.04404942648421
"453",2.97671072961647,-1.07668440931913,2.05749036526017,6.74200088877619,-1.04132306992639,-1.00952971325726,-0.145171340110211,-1.20862722710367
"454",-0.783444952143626,6.09268578234719,9.97515967281071,15.7226805914023,1.54959460068938,7.20574976258367,9.90804446951288,21.3777851796228
"455",-2.80385893024128,2.06440437614582,2.74655571528879,10.3705306385245,2.86183496786577,3.84127608927628,9.09176974024733,2.81450589834443
"456",0.585172995385527,8.03651713888165,12.0234998999035,18.0135758823314,3.21556124528844,6.33820073328955,15.3284847732803,20.1441967754534
"457",2.50329364737931,9.64117242853958,18.566870874929,32.380745497306,-0.953065045248188,4.36847328878677,15.7343931695226,23.0332818369998
"458",1.55936640160344,10.5488927192859,17.5900639158179,24.6432340882416,7.66381586272849,8.37740700352495,12.7807234616303,23.782782845051
"459",-0.341995647836778,0.726406897703378,9.08293900455483,17.426538982241,-1.66644765912985,4.27266833597139,11.1320685674404,15.4256383717002
"460",3.30831385427394,-2.3173030126305,2.89086693362127,-3.66851664824692,-0.641633007393563,-2.94168475522605,-1.07130882072212,-0.695218549746121
"461",2.14267247800337,-2.85229464550327,6.07338914304422,10.1780235107894,1.90847576379339,5.57785136003169,9.29781580131804,19.4907026184784
"462",5.05102525257379,10.5236401976983,17.45793745562,27.8581556179974,1.19153646222329,6.01118247233085,9.64493368119573,12.5129780930533
"463",6.75870653060447,7.47346839662979,5.1412736711342,8.82257892509615,1.02201122686123,7.8577443791697,6.86997069513323,14.8188465028418
"464",-0.72754420120131,2.83780650176724,3.91374295673533,9.52715967050574,0.505911638710332,3.23214570454999,4.48332349488622,7.59421157936766
"465",1.60685538649503,6.51847281160766,12.6443658260569,25.8741479490708,1.55836655972841,11.5420131869788,17.2947360874185,26.5624862672125
"466",2.38974693921273,9.0237111393874,17.0566111777818,23.0714153118293,3.24228926179842,9.31648131883099,12.2595061376257,22.7807870320506
"467",3.36803545794417,16.2874992519098,27.1986651843707,38.637665023756,5.78348713560007,8.51164489091123,9.93004151411089,22.3794139176555
"468",0.944466794373019,8.02650606804055,12.0987380263169,27.9226977324223,-0.558600111743186,9.32738371716486,16.0764792152669,25.3180032386409
"469",8.4306783096373,6.1582618269209,14.6300776951945,23.706270447878,4.74340096960348,8.5891932053444,13.5056139447531,18.6119604933393
"470",3.8045622912459,3.47920063363974,14.708209557025,20.2817888119888,-0.733897432045052,1.12139271799897,8.19092817545485,13.8836716032621
"471",-0.28770500353409,0.964030522059693,1.41484118701737,5.05300172919549,3.4748828802152,0.318088620694759,-0.315095152932974,-1.3461632519507
"472",4.22214798312883,-1.73161355942513,3.22835688276588,8.62543885157155,6.08609684873385,5.67239398244794,4.57400259615309,3.1537434740028
"473",2.44829486078975,-3.8628812859868,3.42169208607794,5.99304488431315,-1.21791238812433,2.75656946383832,12.1716913246577,21.0400912617391
"474",-0.307455105025966,4.91128756853213,13.117860523361,19.7550785196992,-0.104166752025505,8.7716114004596,12.5378041032454,17.7083983760712
"475",0.868655457098226,5.32348794751124,13.8277245505593,17.1616685765474,3.90689788503346,4.46411393222038,9.68823247067286,7.97979199162812
"476",2.45352559927619,4.82729959215698,-0.419580415654707,4.28128010703271,-2.14761371125206,10.7855420792245,7.4024817677033,15.1896371696752
"477",3.67431808820509,6.58740782590603,14.8286819435853,19.0715653516522,4.98742643104226,7.19238863014272,6.95047505882963,17.8970904843333
"478",-1.80623332555236,4.42054294580764,3.63811140361029,8.08021071526299,0.936285932084918,-0.0458171626387811,0.999289447565437,2.19445682633257
"479",0.490100507987681,8.15823030257689,3.07868728050199,8.12303239934766,0.472386926773304,-2.56683859263187,1.24914381554622,0.643214976217791
"480",6.34870193703804,10.8159164360133,20.7557665379709,23.4571001743618,6.2339906145504,6.74039594368725,11.579894317116,22.8277551479898
"481",4.26019745682492,5.62010186049898,7.24789703649332,16.7280999896809,1.76430181127781,8.07718232096307,18.2655642965842,25.4894464225128
"482",-0.329413106972966,-1.55085961262599,0.233821521529595,2.2097935460188,3.92052467784784,2.31319381329459,6.464911181093,4.07267289897221
"483",1.04197584914816,7.45556851525335,17.657758440926,28.4077350904756,3.14540766173948,11.1043463411997,17.1811237275233,31.0823583082852
"484",2.05905019929093,5.05710335573734,2.48114547809842,12.4486772249649,1.53790117933817,1.73191334010622,6.05789164346194,11.3279526821288
"485",-0.41180992314788,1.28501167033392,7.20200496509505,13.2735274639071,2.69465672202141,5.76675108621554,7.93445933852388,11.3819448412627
"486",0.534416689277615,-10.3623731208726,-4.45938591555444,-18.2768543558746,1.43041987522874,-2.90856327622916,-7.59349321526353,-11.6387382757297
"487",4.65480674701171,14.7162035934992,21.2255781732692,40.1737773902019,6.42292957247905,13.274502754297,23.1234912212438,36.8816140087078
"488",3.05842014054549,7.89570185160345,14.0550615434123,21.1975154180114,6.50146142047872,7.18878754357535,13.5655397424318,20.7068855069306
"489",1.07914273001637,1.85963172948406,1.17219187849385,7.2777083935267,-1.59220326330276,5.2907273854305,4.96532565645089,11.8966342787422
"490",-3.2079300986503,1.06170022047631,1.70611848051695,-1.38317889250913,-2.36035683851613,-2.36195307984231,-1.83973109907,1.10230142911661
"491",4.96790946236347,2.60420113370977,0.910128937335292,7.45552123620021,3.62253258803216,-0.637887175598145,3.85271654608481,8.62119598665799
"492",5.49827649576243,8.18229879735804,18.797983918472,31.3064445478281,2.81661002881527,6.58336524352184,14.377324547184,22.555004679716
"493",-3.51942588121858,-3.99943849785272,-6.8438730031925,-9.5692475060235,-0.33180588011728,1.8998746800784,2.20329489408426,-2.36802102507967
"494",3.99111764960969,6.81469692646465,14.6160132212531,27.9591935165391,7.8613181191692,7.94759118264202,20.5266066581004,33.7710915709768
"495",0.596112166757392,9.56852498159067,20.4562330023459,29.7879364546423,-0.54082828103693,3.95961130317252,6.81455137532499,20.5460204602955
"496",2.27806745390888,4.12768916022461,11.1729275586903,14.8565285161456,3.299942316189,5.14837330707741,2.74435238161249,16.7221743694679
"497",1.83566212163726,-0.263596344913785,-7.98076802400484,-6.12887744889224,-2.4081478168876,-5.49911422267377,-1.80585200736764,-1.66284916618843
"498",2.05624873925967,3.26986523533286,5.57515214298662,8.26419097655724,-1.21489625846766,5.89047620622513,5.11354504595635,11.5986554701932
"499",6.05474045365003,3.82527414717445,5.18739813497186,3.17137166797296,2.67705944065648,3.62553423089552,7.65830199347626,9.23772601265314
"500",4.01060031995454,1.47885278390614,2.79366972989009,-2.09145647965264,-0.207447174854416,0.297073216098045,0.609369102998412,-4.04875238116584
